FIRST NAME,LAST NAME,OTHER NAME,GENDER,SPORT,EVENT/POSITION/CLASS,OLYMPIC EXPERIENCE,HEIGHT,WEIGHT,DOB,BIRTH CITY,BIRTH STATE,HOMETOWN CITY,HOMETOWN STATE,CURRENT RESIDENCE,CURRENT STATE,SCHOOL/COLLEGE
Brady,Ellison,,M,Archery,"Individual, Team","2008, 2012-S","5'11""",190,30981,Globe,Ariz.,Globe,Ariz.,Miami,Ariz. ,"Mountain Ridge High School (Glendale, Ariz) '07"
Zach,Garrett,,M,Archery,"Individual, Team",none,"5'10""",140,33335,Chula Vista,Calif.,Wellington,Mo. ,Chula Vista,Calif.,"Wellington-Napoleon High School (Wellington, Mo.) '13 "
Jake,Kaminski,,M,Archery,"Individual, Team",2012-S,"5'10""",155,30904,Buffalo,N.Y.,Gainesville,Fla. ,Bronson,Fla.,"Iroquois High School (Elma, N.Y.) '06"
Mackenzie,Brown,,F,Archery,Individual,none,"5'10""",165,33310,Tyler,Texas,Flint,Texas,Chula Vista,Calif. ,"Homeschooled (Tyler, Texas) '13"
Phillip,Chew,,M,Badminton,Doubles ,none,"5'8""",200,33008,Anaheim,Calif.,Orange,Calif.,Orange,Calif.,"University of California - Irvine '19, Business Economics"
Sattawat ,Pongnairat,,M,Badminton,Doubles,none,"5'11""",155,31539,New York,N.Y.,Orange,Calif. ,Orange,Calif. ,"Taweethapisek High School (Bangkok, Thailand)"
Howard ,Shu,,M,Badminton,Singles,none,"6'1""",165,31743,Los Alamitos,Calif.,Los Angeles,Calif. ,Anaheim,Calif.,"University of California - Los Angeles '13, Business Economics"
Eva,Lee,,F,Badminton,Doubles,2008,"5'6""",130,30169,Hong Kong,China,Diamond Bar,Calif.,Diamond Bar,Calif. ,"University of California - Irvine '13, Biological Sciences"
Paula Lynn,Obanana,,F,Badminton,Doubles,none,"5'3""",128,29663,Dumaguete City,Philippines,"Minneapolis, St. Paul",Minn.,West Covina,Calif. ,"La Salle University, Taft (Manila, Philippines) '06, Mass Media "
Jamie,Subandhi,,F,Badminton,Mixed Doubles,none,"5'4""",128,31395,Long Beach,Calif. ,Westminster,Calif.,Westminster,Calif. ,"University of California - Los Angeles '11, Physiological Science"
Iris,Wang,,F,Badminton,Singles,none,"5'3""",115,33117,Pasadena,Calif.,Arcadia,Calif.,Arcadia,Calif. ,"University of California - Los Angeles '19, Business Economics"
Carmelo,Anthony,,M,Basketball,Forward,"2004-B, 2008-G, 2012-G","6'8""",230,29369,New York,N.Y.,New York,N.Y.,New York,N.Y. ,Syracuse University
Harrison,Barnes,,M,Basketball,Forward,none,"6'8""",225,32292,Ames,Iowa,Ames,Iowa,Dallas,Texas,University of North Carolina
Jimmy,Butler,,M,Basketball,Guard,none,"6'7""",220,31303,Houston,Texas,Houston,Texas,Chicago,Ill. ,Marquette University
DeMarcus,Cousins,,M,Basketball,Center,none,"6'11""",270,31636,Mobile,Ala. ,Mobile,Ala. ,Sacramento,Calif.,University of Kentucky
DeMar,DeRozan,,M,Basketball,Guard,none,"6'7""",220,31265,Bellflower,Calif.,Compton,Calif.,Toronto,Canada,University of Southern California
Kevin,Durant,,M,Basketball,Guard,2012-G,"6'9""",230,30953,"Washington, D.C. ",-,"Washington, D.C. ",-,Oakland,Calif.,University of Texas
Paul,George,,M,Basketball,Guard,none,"6'9""",220,31533,Palmdale,Calif. ,Palmdale,Calif.,Indianapolis,Ind.,Fresno State University
Draymond,Green,,M,Basketball,Forward,none,"6'7""",230,31474,Saginaw,Mich.,Saginaw,Mich.,Oakland,Calif.,Michigan State University
Kyrie,Irving,,M,Basketball,Guard,none,"6'3""",193,32224,Kew,Australia,West Orange,N.J.,Cleveland,Ohio,Duke University
DeAndre,Jordan,,M,Basketball,Center,none,"6'11""",265,30883,Houston,Texas,Houston,Texas,Los Angeles,Calif.,Texas A&M University
Kyle,Lowry,,M,Basketball,Guard,none,"6'0""",250,30034,Philadelphia,Pa. ,Philadelphia,Pa.,Toronto,Canada,Villanova Univeristy 
Klay,Thompson,,M,Basketball,Guard,none,"6'7""",215,31450,Los Angeles,Calif.,Los Angeles ,Calif. ,Oakland,Calif.,Washington State University
Seimone,Augustus,,F,Basketball,Guard/Forward,2008-G; 2012-G,"6'1""",165,29340,Baton Rouge,La.,Baton Rouge,La. ,Baker,La.,Louisiana State University '05
Sue,Bird,,F,Basketball,Guard,2004-G; 2008-G; 2012-G,"5'9""",147,28048,New York,N.Y. ,Syosset,N.Y.,Seattle,Wash.,University of Connecticut  '02
Tamika,Catchings,,F,Basketball,Forward,2004-G; 2008-G; 2012-G,"6'2""",170,27595,Stratford,N.J.,Indianapolis,Ind.,Indianapolis,Ind.,University of Tennessee '01
Tina,Charles,,F,Basketball,Center,2012-G,"6'3""",195,31020,Flushing,N.Y.,Queens,N.Y. ,Forest Hills,N.Y. ,University of Connecticut '10
Elena,Delle Donne,,F,Basketball,Guard/Forward,none,"6'5""",190,31294,Wilmington,Del. ,Wilmington,Del.,Wilmington,Del. ,University of Delaware '13
Sylvia,Fowles,,F,Basketball,Center,2008-G; 2012-G,"6'6""",200,29864,Miami,Fla.,Miami,Fla. ,Miami,Fla. ,Louisiana State University '08
Brittney,Griner,,F,Basketball,Center,none,"6'8""",208,31702,Houston,Texas,Houston,Texas,Houston,Texas,Baylor University '13
Angel,McCoughtry,,F,Basketball,Guard/Forward,2012-G,"6'1""",155,30203,Baltimore,Md.,Baltimore,Md.,Smyrna,Ga.,University of Louisville '09
Maya,Moore,,F,Basketball,Forward,2012-G,"6'0""",175,30203,Cole County,Mo.,Atlanta,Ga. ,Smyrna,Ga.,University of Connecticut '11
Breanna,Stewart,,F,Basketball,Forward/Center,none,"6'4""",175,33111,Syracuse,N.Y. ,North Syracuse,N.Y. ,North Syracuse,N.Y. ,University of Connecticut '16
Diana,Taurasi,,F,Basketball,Guard,2004-G; 2008-G; 2012-G,"6'0""",155,28651,Glendale,Calif.,Chino,Calif.,Phoenix,Ariz. ,University of Connecticut'04
Lindsay,Whalen,,F,Basketball,Guard,2012-G,"5'9""",160,28618,Hutchinson,Minn. ,Hutchinson,Minn.,Golden Valley,Minn. ,University of Minnesota
Carlos,Balderas,,M,Boxing,Lightweight - 60 kg.,None,"5'9""",132,33839,Lompoc,Calif.,Santa Maria,Calif.,Santa Maria,Calif.,"Santa Maria High School (Santa Maria, Calif.) '15"
Charles,Conwell,,M,Boxing,Middleweight - 75 kg.,None,"5'9""",165,34274,Detroit,Mich. ,Cleveland,Ohio,Cleveland Heights,Ohio,"Cleveland Heights High School (Cleveland Land Height, Ohio) '16"
Nico,Hernandez,,M,Boxing,Light Flyweight - 49 kg.,None,"5'5""",108,33606,Wichita,Kan.,Wichita,Kan.,Wichita,Kan.,
Gary,Russell,,M,Boxing,Light Welterweight - 64 kg. ,None,"5'8""",141,33768,"Washington, D.C. ",-,"Washington, D.C. ",-,Capitol Heights,Md.,Croom High School
Shakur,Stevenson,,M,Boxing,Bantamweight - 56 kg.,None,"5'8""",123,34147,Newark,N.J.,Newark,N.J.,Colorado Springs,Colo.,Central High School '15
Antonio,Vargas,,M,Boxing,Flyweight - 52 kg.,none,"5'6""",114,33830,Houston,Texas,Kissimmee,Fla. ,Colorado Springs,Colo.,
Mikaela,Mayer,,F,Boxing,Lightweight - 60 kg.,none,"5'9""",132,31596,West Hills,Calif.,Los Angeles,Calif.,Colorado Springs,Colo.,"Northern Michigan University '19, Business Administration"
Claressa,Shields,,F,Boxing,Middleweight - 75 kg.,2012-G,"5'9""",165,33313,Flint,Mich.,Flint,Mich.,Colorado Springs,Colo.,Flint Northwestern High School '13
Casey,Eichfeld,,M,Canoe (Slalom),C1/C2,2008; 2012,"5'10""",170,31365,Harrisburg,Pa. ,Drums,Pa.,Mount Holly,N.C. ,
Devin,McEwan,,M,Canoe (Slalom),C2,none,"5'10""",170,29504,Sharon,Conn.,Salisbury,Conn.,Lakeville,Conn.,The Hotchkiss School '12 
Michal,Smolen,,M,Canoe (Slalom),K1,none,"5'11""",155,32763,Krakow,Poland,Charlotte,N.C.,Gastonia,N.C. ,Queens University
Maggie,Hogan,,F,Canoe (Sprint),K1,none,"5'7""",135,27394,Langhorn,Pa. ,Huntington Beach,Calif. ,Huntington Beach,Calif.,"University of California - Santa Barbara '01, Bio-Psychology, Oklahoma City University '14, MBA"
Ashley,Nee,,F,Canoe (Slalom),K1,none,"5'4""",120,31212,"Washington, D.C. ",-,Darnestown,Md.,Bethesda,Md. ,University of Maryland
Connor,Fields ,,M,Cycling ,BMX - Men's,2012-7th,"6'0""",195,32399,Plano,Texas,Las Vegas,Nev.,Henderson,Nev.,"University of Nevada - Las Vegas '18, Marketing"
Nic ,Long,,M,Cycling ,BMX - Men's,2012-17th,"6'2""",190,31325,San Diego,Calif.,Lakeside,Calif.,Lakeside,Calif.,Grossmont-Cuyamaca Community College
Corben,Sharrah,,M,Cycling ,BMX - Men's,none,"6'0""",188,32252,Tuscon,Ariz.,Tucson,Ariz.,Tuscon,Ariz. ,"University of Arizona '18, Science"
Brooke,Crain,,F,Cycling ,BMX - Women's,2012-8th,"5'4""",123,32626,Visalia,Calif.,Visalia,Calif.,Visalia,Calif.,Marian University
Alise ,Post,,F,Cycling ,BMX - Women's,2012-12th,"5'2""",125,31793,St. Cloud,Minn. ,St. Cloud,Minn.,Chula Vista,Calif.,"University of San Diego '15, Kinesiology"
Howard ,Grotts,,M,Cycling ,Mountain - Men's,none,"5'7""",130,32519,Durango,Colo.,Durango,Colo.,Durango,Colo.,"Fort Lewis College '14, Mathematics"
Lea ,Davison,,F,Cycling ,Mountain - Women's,2012-11th,"5'6""",122,28993,Syracuse,N.Y.,Jericho,Vt. ,Jericho,Vt.,"Middlebury College '05, Environmental Studies"
Chloe ,Woodruff,,F,Cycling ,Mountain - Women's,none,"5'2""",113,30517,Denver,Colo. ,Boulder ,Colo. ,Prescott,Ariz. ,"University of Arizona '10, Communications"
Matt,Baranoski,,M,Cycling ,Keirin,none,"6'0""",212,32715,Perkasie,Pa. ,Perkasie,Pa.,Perkasie,Pa.,"Penn State University '16, Electrical Engineering"
Bobby,Lea,,M,Cycling ,Omnium,2008-16th; 2012-12th,"6'2""",170,29144,Easton,Md.,Topton,Pa.,Mertztown,Pa.,"Penn State University '06, Business Management"
Kelly,Catlin,,F,Cycling ,Team Pursuit,none,"5'6""",140,33544,Saint Paul,Minn. ,Arden Hills,Minn.,Colorado Springs,Colo. ,"University of Minnesota '18, Biomedical Engineering and Chinese"
Chloé ,Dygert,,F,Cycling ,Team Pursuit,none,"5'9""",147,33969,Indianapolis,Ind.,Brownsburg,Ind.,Bremerton,Ind.,Marian University
Sarah ,Hammer,,F,Cycling ,"Omnium, Team Pursuit",2008-5th; 2012-S (2x),"5'7""",145,29084,Torrance ,Calif.,Temecula,Calif.,Colorado Springs ,Colo.,"Palomar College '13, Liberal Studies"
Jennifer,Valente,,F,Cycling ,Team Pursuit,none,"5'9""",165,33230,San Diego,Calif.,San Diego,Calif.,Colorado Springs,Colo.,"University of Colorado-Colorado Springs, Undeclared"
Ruth,Winder,,F,Cycling ,Team Pursuit,none,"5'4""",127,32697,Steeton,United Kingdom,Lafayette,Calif. ,Lafayette,Calif.,"Winder Academy (Lafayette, Calif.) '12"
Brent,Bookwalter,,M,Cycling ,"Road Race, Time Trial",none,"5'11""",150,29266,Albuquerque,N.M.,Grand Rapids,Mich.,Asheville,N.C. ,"Rockford High School (Rockford, Mich.) '02"
Taylor,Phinney,,M,Cycling ,"Road Race, Time Trial","2008-2-4th, 7th; 2012-4th","6'5""",180,31589,Boulder,Colo.,Boulder ,Colo.,Boulder,Colo. ,"Boulder High School (Boulder, Colo.) '07"
Mara,Abbott,,F,Cycling ,Road Race,none,"5'4""",115,29903,Boulder,Colo.,Boulder ,Colo.,Boulder,Colo.,"Whitman College '08, Economics"
Kristin ,Armstrong,,F,Cycling ,"Road Race, Time Trial",2004; 2008-G; 2012-G,"5'8""",128,25425,Memphis,Tenn.,Boise,Idaho,Boise,Idaho,"Universty of Idaho '95, Exercise Physiology"
Megan ,Guarnier,,F,Cycling ,Road Race,none,"5'4""",120,29709,Glens Falls,N.Y.,Glens Falls,N.Y.,San Mateo,Calif.,"Middlebury College '07, Neuroscience"
Evelyn ,Stevens,,F,Cycling ,"Road Race, Time Trial",2012-24th,"5'5""",123,28983,Claremont,Calif.,San Francisco,Calif. ,San Francisco,Calif.,"Dartmouth College '05, Government"
David,Boudia,,M,Diving,"10m Synchro, 10m Individual","2008-5th, 6th; 2012-G,B","5'9""",160,31160,Abilene,Texas,West Lafayette,Ind. ,West Lafayette,Ind.,"Purdue University '14, Communications"
Sam,Dorman,,M,Diving,3m Synchro,none,"5'9""",170,32018,Miami,Fla. ,Tempe,Ariz.,Miami,Fla. ,"University of Miami '15, Mechanical Engineering"
Michael,Hixon,,M,Diving,"3m Synchro, 3m Individual",none,"5'8""",150,33069,Amherst,Mass.,Amherst,Mass.,Bloomington,Ind.,"Indiana University '18, Economic Consulting and Public Policy"
Kristian,Ipsen,,M,Diving,3m Individual,2012-B,"5'7""",160,32435,Walnut Creek,Calif.,Clayton,Calif.,Clayton,Calif.,"Stanford University '15, Science, Technology and Society"
Steele,Johnson,,M,Diving,"10m Synchro, 10m Individual",none,"6'2""",175,33770,Indianapolis,Ind.,Carmel,Ind.,Carmel,Ind.,"Purdue University '18, Film and Video Studies"
Kassidy,Cook,,F,Diving,3m Individual,none,"5'4""",125,33366,Plantation,Fla.,The Woodlands,Texas,The Woodlands,Texas,"Stanford '17, Communications/Advertising"
Amy,Cozad,,F,Diving,10m Synchro,none,"5'3""",113,31902,Indianapolis,Ind.,Indianapolis,Ind.,Indianapolis,Ind.,"Indiana University '13, Mathematics"
Abby,Johnston,,F,Diving,3m Individual,2012-S,"5'5""",135,31366,Upper Arlington,Ohio,Upper Arlington,Ohio,Durham,N.C. ,"Duke University '13, Psychology/Chemistry, Duke University '18, Doctor of Medicine"
Jessica,Parratto,,F,Diving,"10m Synchro, 10m Individual",none,"5'2""",112,33049,Bloomington,Ind.,Dover,N.H.,Bloomington,Ind.,"Indiana University '18, Liberal Studies"
Katrina,Young,,F,Diving,10m Individual,none,"5'4""",132,32151,Shoreline,Wash.,Seattle,Wash.,Tallahassee,Fla.,"Florida State University '14, Commercial Music"
Steffen,Peters,,M,Equestrian ,Dressage,1996-B; 2008-4th; 2012-6th,"5'8""",150,22176,Wesel,Germany,San Diego,Calif.,San Diego,Calif.,"Voerde High School (Voerde, Germany) '84"
Allison ,Brock,,F,Equestrian ,Dressage,none,"5'6""",130,27734,Honolulu,Hawaii,Wellington,Fla. ,Wellington,Fla.,"Kailua High School (Kailua, Hawaii) '97"
Laura,Graves,,F,Equestrian ,Dressage,none,"5'8""",120,30518,Burlington,Vt.,Orlando,Fla. ,Geneva,Fla.,"Harwood Union High School (Duxbury, Vt.) '04"
Kasey,Perry-Glass,,F,Equestrian ,Dressage,none,"5'4""",130,30600,Sacramento,Calif.,Orangevale,Calif.,Wellington,Fla.,"California State University - Sacramento '11, Business Entrepreneurship "
Phillip ,Dutton ,,M,Equestrian ,Eventing,"1996-G; 2000-G; 2004-6th,13th; 2008-7th; 2012-7th, 23rd","5'6""",150,21805,Nyngan,Australia,West Grove,Pa.,West Grove,Pa.,"Newington College ’84, Farming"
Boyd ,Martin ,,M,Equestrian ,Eventing,2012-7th,"6'2""",175,27625,Sydney,Australia,Cochranville,Pa.,Cochranville,Pa.,"Nimbin University '98, Biology"
Clark  ,Montgomery,,M,Equestrian ,Eventing,none,"6'0""",155,28264,Bryan,Texas,Mineral Wells,Texas,Tetbury,United Kingdom,"Bryan High School (Bryan, Texas) ‘97"
Lauren ,Kieffer ,,F,Equestrian ,Eventing,none,"5'10""",150,30472,Mount Carmel,Ill.,Middleburg,Va.,The Plains,Va.,"Mount Carmel High School (Mount Carmel, Ill.) '05"
Kent,Farrington,,M,Equestrian ,Jumping,none,"5'8""",145,28121,Chicago,Ill.,Wellington,Fla. ,Wellington,Fla.,"The Latin School of Chicago (Chicago, Ill.) '99"
McLain,Ward,,M,Equestrian ,Jumping,"2004-G; 2008-G, 6th; 2012-6th, 29th","5'9""",155,26222,Mount Kisco,N.Y.,Brewster,N.Y.,Brewster,N.Y. ,Greenwich Country Day
Lucy,Davis,,F,Equestrian ,Jumping,none,"5'5""",122,32437,Los Angeles,Calif.,Los Angeles ,Calif.,Los Angeles,Calif.,"Stanford University '15, Architectural Design"
Beezie,Madden,,F,Equestrian ,Jumping,"2004-G; 2008-G, B; 2012- ","5'6""",140,21873,Milwaukee,Wis.,Cazenovia,N.Y.,Cazenovia,N.Y. ,"Nicolet High School (Glendale, Wisconsin) '80"
Jason,Pryor,,M,Fencing,Epee,none,"5'9""",175,30584,Cleveland,Ohio,South Euclid,Ohio,South Euclid,Ohio,"The Ohio State University '09, English"
Katharine,Holmes,,F,Fencing,Epee,none,"5'11""",175,32703,"Washington, D.C. ",-,"Washington, D.C. ",-,Princeton,N.J.,"Princeton University '17, Neuroscience"
Courtney,Hurley,,F,Fencing,Epee,2012-B,"5'8""",175,31684,San Antonio,Texas,San Antonio,Texas,San Antonio,Texas,"University of Notre Dame '13, Film, Television & Theater, supplementary major in Computer Applications"
Kelley,Hurley,,F,Fencing,Epee,2008; 2012-B,"5'9""",165,30775,San Antonio,Texas,San Antonio,Texas,San Antonio,Texas,"University of Notre Dame '10, Design"
Kasia,Trzopek,,F,Fencing,Epee,None,"5'9""",164,28250,Warsaw,Poland,Pacifica,Calif. ,Redwood City,Calif.,"Penn State University '06, Philosophy"
Race,Imboden,,M,Fencing,Foil,2012,"6'1""",165,32614,Tampa ,Fla.,Brooklyn,N.Y. ,Brooklyn,N.Y. ,St. John's University
Alexander,Massialas,,M,Fencing,Foil,2012,"6'2""",180,32982,San Francisco,Calif.,San Francisco,Calif.,San Francisco,Calif.,"Stanford University, Engineering"
Gerek,Meinhardt,,M,Fencing,Foil,2008; 2012,"6'0""",175,31619,San Francisco,Calif.,San Francisco,Calif.,San Francisco,Calif.,"University of Notre Dame '13, Management"
Miles,Chamley-Watson,,M,Fencing,Foil,2012,"6'4""",175,31383,New York,N.Y.,New York,N.Y.,New York ,N.Y. ,"Penn State University '13, Sports Management"
Lee,Kiefer,,F,Fencing,Foil,2012,"5'4""",107,33038,Cleveland,Ohio,Lexington,Ky.,Lexington,Ky.,"University of Notre Dame '13, Premed"
Nzingha,Prescod,,F,Fencing,Foil,2012,"5'4""",138,32368,New York,N.Y.,Brooklyn,N.Y.,Brooklyn,N.Y. ,"Columbia University '15, Political Science w / Concentration in Race & Ethnicity"
Eli,Dershwitz,,M,Fencing,Saber,none,"6'1""",170,33503,Boston,Mass.,Sherborn,Mass.,Sherborn,Mass.,Harvard University '19
Daryl,Homer,,M,Fencing,Saber,2012,"5'8""",165,31608,"St. Thomas, Virgin Islands",-,Bronx,N.Y.,New York,N.Y. ,"St. John's University '13, Advertising"
Monica,Aksamit,,F,Fencing,Saber,None,"6'0""",165,31460,Matawan,N.J. ,Matawan,N.J.,Matawan,N.J. ,"Penn State University, Biology"
Ibtihaj,Muhammad,,F,Fencing,Saber,None,"5'7""",150,29923,Maplewood,N.J.,Maplewood,N.J.,Maplewood,N.J.,"Duke University '07, Dual Bachelor's degrees in international relations and African and African-American studies"
Dagmara,Wozniak,,F,Fencing,Saber,2012,"5'8""",180,30863,Wroclaw,Poland,Avenel,N.J.,Avenel,N.J.,"St. John's University '13, Biology"
Mariel,Zagunis,,F,Fencing,Saber,"2004-G; 2008-G, B; 2012","5'8""",160,29647,Portland,Ore.,Portland,Ore.,Beaverton,Ore.,"University of Notre Dame, Anthropology"
Katie,Bam,,F,Field Hockey,Striker,2012,"5'1""",120,31021,Montgomery,Pa. ,Blue Bell,Pa.,Bluebell,Pa. ,University of Maryland - Family Sciences (2013 grad)
Lauren,Crandall,,F,Field Hockey,Defender,2008; 2012,"5'3""",127,29661,Pittsburgh,Pa. ,Doylestown,Pa.,Lancaster,Pa.,"Wake Forest University - Communications (2007 grad), Keller Graduate School of Management"
Rachel,Dawson,,F,Field Hockey,Midfielder,2008; 2012,"5'10""",150,29799,Camden,N.J.,Berlin,N.J.,Berlin,N.J.,University of North Carolina - Business Administration (2007 grad)
Katelyn,Falgowski,,F,Field Hockey,Midfielder,2008; 2012,"5'6""",138,30977,Wilmington,Del. ,Landenberg,Pa.,Mount Joy,Pa.,University of North Carolina - Communications (2011 grad)
Stefanie,Fee,,F,Field Hockey,Defender,none,"5'6""",140,31481,Virginia Beach,Va.,Virginia Beach,Va.,Mount Joy,Pa.,Duke University (2012 grad) - Psychology
Melissa,Gonzalez,,F,Field Hockey,Midfielder,2012,"5'3""",128,31070,Peekskill,N.Y.,Mohegan Lake,N.Y.,Mohegan Lake,N.Y. ,University of Connecticut - Kinesiology & Coaching and Administration (2011 grad)
Michelle,Kasold,,F,Field Hockey,Striker,2012,"5'3""",118,30461,San Jose,Calif.,Chapel Hill,N.C.,Raleigh,N.C. ,Wake Forest University - Sociology (2009 grad)
Jackie,Briggs,,F,Field Hockey,Goalkeeper,none,"5'6""",135,30824,Reading,Pa. ,Robesonia,Pa.,Lancaster,Pa.,University of North Carolina - Studio Art (2010 grad)
Kelsey,Kolojejchick,,F,Field Hockey,Striker,none,"5'3""",135,32051,Kingston,Pa. ,Larksville,Pa.,Larksville,Pa.,University of North Carolina - Communications (2013 grad)
Alyssa,Manley,,F,Field Hockey,Defender,none,"5'2""",118,33019,Lancaster ,Pa. ,Lititz,Pa.,Lititz,Pa.,Syracuse University (2016 grad) - Child and Family studies
Julia,Reinprecht,,F,Field Hockey,Defender,2012,"5'3""",123,31969,Philadelphia,Pa.,Perkasie,Penn.,Perkasie,Pa.,Princeton University - Politics (2014 grad)
Katie,Reinprecht,,F,Field Hockey,Midfielder,2012,"5'4""",125,31351,Philadelphia,Pa. ,Perkasie,Pa.,Perkasie,Pa.,Princeton University - Sociology (2013 grad)
Kathleen,Sharkey,,F,Field Hockey,Striker,none,"5'4""",128,31531,Wilkes-Barre,Pa. ,Moosic,Pa.,Moosic,Pa.,Princeton University - Sociology (2013 grad)
Caitlin,Van Sickle,,F,Field Hockey,Defender,none,"5'5""",130,31437,Wilmington,Del. ,Wilmington,Del.,Lancaster,Pa.,University of North Carolina - Communications (2012 grad)
Michelle,Vittese,,F,Field Hockey,Midfielder,2012,"5'3""",126,31386,Philadelphia,Pa. ,Cherry Hill,N.J.,Cherry Hill,Pa.,University of Virginia - History (2011 grad)
Jill,Witmer,,F,Field Hockey,Striker,none,5'2',116,32050,Lancaster,Pa. ,Lancaster,Pa.,Washington Boro,Pa.,University of Maryland - Family Sciences (2014 grad)
Rickie,Fowler,,M,Golf,,none,"5'9""",150,31028,Murrieta,Calif.,Murrieta,Calif.,Purcellville,Va.,Oklahoma State University
Matt,Kuchar,,M,Golf,,none,"6'4""",190,27200,Winter Park,Fla.,Sea Island,Ga. ,New York,N.Y. ,Georgia Tech University
Patrick,Reed,,M,Golf,,none,"6'0""",200,31628,San Antonio,Texas,Houston,Texas,Houston,Texas,"Augusta State University '09, Bachelor of Science"
Bubba,Watson,,M,Golf,,none,"6'3""",180,27337,Bagdad,Fla.,Bagdad,Fla. ,Scottsdale,Ariz. ,University of Georgia
Stacy,Lewis,,F,Golf,,none,"5'5""",133,29632,Toledo,Ohio,The Woodlands,Texas,Humble,Texas,University of Arkansas - Finance and Accounting (2008 grad)
Gerina,Piller,,F,Golf,,none,"5'7""",142,29673,Roswell,N.M.,Roswell,N.M.,Fort Worth,Texas,"University of Texas - El Paso '07, Mathematics"
Lexi,Thompson,,F,Golf,,none,"5'11""",160,33278,Coral Springs,Fla.,Coral Springs,Fla. ,Coral Springs,Fla.,"Broward Virtual High School (Coral Springs, Florida) '12"
Chris,Brooks,,M,Gymnastics,Artistic – Team ,none,"5'8""",165,30303,Houston,Texas,Houston,Texas,Colorado Springs,Colo.,"University of Oklahoma, Business Management"
Jake,Dalton,,M,Gymnastics,Artistic – Team ,2012-5th,"5'5""",150,31979,Oak Lawn,Ill.,Sparks,Nev.,Gilbert,Ariz. ,"University of Oklahoma '14, Human Relations"
Sam,Mikulak,,M,Gymnastics,Artistic – Team ,2012,"5'5""",140,32428,Corona del Mar,Calif.,Newport Beach,Calif.,Colorado Springs,Colo.,"University of Michigan '14, Psychology "
Alex,Naddour,,M,Gymnastics,Artistic – Team ,none,"5'7""",155,31839,Mesa,Ariz.,Gilbert,Ariz.,Queen Creek,Ariz. ,"University of Oklahoma, Business"
Danell,Leyva,,M,Gymnastics,Artistic – Team ,"2012-B, 5th","5'7""",150,32079,Cardenas,Cuba,Homestead,Fla. ,Homestead,Fla.,Homeschooled  '10
Simone,Biles,,F,Gymnastics,Artistic – Team ,none,"4'8""",115,34041,Columbus,Ohio,Spring,Texas,Spring,Texas,Home School '15
Gabby,Douglas,,F,Gymnastics,Artistic – Team ,"2012-2G, 7th, 8th","5'2""",110,33602,Newport News,Va.,Los Angeles,Calif.,Tarzana,Calif.,"Oak Park High School (Oakpark, Calif.) '15"
Laurie,Hernandez,,F,Gymnastics,Artistic – Team ,none,"5'0""",107,35224,New Brunswick,N.J.,Old Bridge,N.J.,Old Bridge,N.J.,"Abeka Academy (Old Bridge, N.J.) '18"
Madison,Kocian,,F,Gymnastics,Artistic – Team ,none,"5'2""",102,34134,Dallas,Texas,Dallas,Texas,Dallas,Texas,"Spring Creek Academy (Plano, Texas) '15"
Aly,Raisman,,F,Gymnastics,Artistic – Team ,"2012-2G, 1B","5'2""",115,33017,Boston,Mass.,Needham,Mass.,Needham,Mass.,"Needham High School '12 (Needham Heights, Mass.)"
Natalie,McGiffert,,F,Gymnastics,Rhythmic group,none,"5'3""",97,34041,Los Angeles,Calif.,Topanga,Calif.,Northbrook,Ill. ,"Glenbrook High School (Northbrook, Ill.) '15"
Kiana,Eide,,F,Gymnastics,Rhythmic group,none,5'3,118,34601,Fridley,Minn. ,St. Francis,Minn.,Northbrook,Ill. ,"Glenbrook North High School (Northbrook, Ill.) '17"
Alisa,Kano,,F,Gymnastics,Rhythmic group,none,"5'4""",105,33183,Tokyo,Japan,New York,N.Y.,Glencoe,Ill. ,"Oakton Community College, Undeclared"
Monica,Rokhman,,F,Gymnastics,Rhythmic group,none,"5'8""",123,34115,Northbrook,Ill.,Northbrook,Ill.,Northbrook,Ill. ,"Glenbrook North High School (Northbrook, Ill.) '15"
Kristen,Shaldybin,,F,Gymnastics,Rhythmic group,none,"5'9""",125,34188,Woonsocket,R.I.,Brooklyn,N.Y.,Highwood,Ill. ,"Highland Park High School (Highland Park, Ill.) '16"
Laura,Zeng,,F,Gymnastics,Rhythmic individual ,none,"5'3""",95,34985,Hartford,Conn.,Libertyville,Ill.,Libertyville,Ill. ,"Libertyville High School (Libertyville, Ill.) '18"
Logan,Dooley,,M,Gymnastics,Trampoline ,none,"5'9""",130,30584,Mission Viejo,Calif.,Lake Forest,Calif.,Lake Forest,Calif.,"Saddleback College '11, Child Development"
Nicole,Ahsinger,,F,Gymnastics,Trampoline ,none,"5'4""",128,34465,San Diego,Calif.,San Diego,Calif.,Lafayette,La.,"Scripps Ranch (San Diego, Calif.) '16"
Colton,Brown,,M,Judo,90 kg.,none,"6'0""",200,32057,San Jose,Calif.,Piscataway,N.J.,San Jose,Calif.,San Jose State University
Nick,Delpopolo,Born: Petra Perovic,M,Judo,73 kg.,2012,"5'8""",170,31085,Niksic,Montenegro,Davie,Fla. ,Davie,Fla.,Schenectady County Community College
Travis,Stevens,,M,Judo,81 kg.,2008; 2012,"5'11""",178,30009,Tacoma,Wash.,Tacoma,Wash.,Woburn,Mass.,North Shore Community College
Angelica,Delgado,,F,Judo,52 kg.,none,"5'3""",115,31759,Miami,Fla.,Miami,Fla. ,Miami,Fla.,Florida International University
Kayla,Harrison,,F,Judo,78 kg.,2012-G,"5'8""",165,31594,Middletown,Ohio,Middletown,Ohio,Danvers,Mass.,Middleton Highschool
Marti,Malloy,,F,Judo,57 kg.,2012-B,"5'3""",130,30124,Oak Harbor,Wash.,Oak Harbor,Wash.,San Jose,Calif.,San Jose State University
Nathan,Schrimsher,,M,Pentathlon,Men's,none,"6'2""",174,32284,Roswell,N.M.,Roswell,N.M.,Colorado Springs,Colo.,Eastern New Mexico State University '10
Isabella,Isaksen,,F,Pentathlon,Women's,none,"5'8""",139,32833,Fayetteville,Ark.,Fayetteville,Ark.,Colorado Springs,Colo.,"DeVry University '16, Environmental Sustainability"
Margaux,Isaksen,,F,Pentathlon,Women's,2008; 2012,"5'10""",134,32056,Fayetteville,Ark.,Fayetteville,Ark.,Colorado Springs,Colo.,"Fayetteville High School (Fayetteville, Ark.) '10"
Nareg,Guregian,,M,Rowing ,Men's Pair,none,"6'5""",215,31066,Los Angeles,Calif. ,North Hills,Calif.,North Hills,Calif.,University of California - Media Studies and Mass Communications 2010
Anders,Weiss,,M,Rowing ,Men's Pair,none,"6'5""",205,32451,Providence,R.I.,Barrington,R.I.,Barrington,R.I.,"Brown University '16, Economics "
Andrew,"Campbell, Jr.",,M,Rowing ,Lightweight Men's Double Sculls,none,"5'10""",155,32174,Barrington,Ill.,Cambridge,Mass.,Cambridge,Mass.,Harvard University
Josh,Konieczny,,M,Rowing ,Lightweight Men's Double Sculls,none,"5'11""",165,31922,Toledo,Ohio,Millbury,Ohio,Somerville,Mass.,"Dartmouth College '13, Ecnomics"
Anthony,Fahden,,M,Rowing ,Lightweight Men's Four,2012,"5'11""",158,30008,Berkeley,Calif.,Lafayette,Calif.,Lafayette,Calif.,"Dartmouth College '08, Art History"
Edward,King,,M,Rowing ,Lightweight Men's Four,none,"6'4""",170,31211,Kempton Park,South Africa,Ironton,Mo.,Ironton,Mo.,"U.S. Naval Academy '11, Oceanography"
Tyler,Nase,,M,Rowing ,Lightweight Men's Four,none,"6'0""",157,31653,Phoenixville,Pa. ,Phoenixville,Pa.,Phoenixville,Pa.,"Princeton Univesrity '13, Sociology"
Robin,Prendes,,M,Rowing ,Lightweight Men's Four,2012,"6'1""",160,31028,Matanzas,Cuba,Miami,Fla. ,Miami,Fla.,Princeton University '11
Charlie,Cole,,M,Rowing ,Men's Four,2012-B,"6'4""",200,30122,New York,N.Y.,New Canaan,Conn.,New York,N.Y. ,"Yale University, '07; Oxford University, '08"
Matt,Miller,,M,Rowing ,Men's Four,none,"6'5""",217,31059,Fairfax,Va.,Springfield,Va.,Dayton,N.J.,"University of Virginia '11, Systems and Information Engineering"
Henrik,Rummel,,M,Rowing ,Men's Four,2012-B,"6'5""",215,30584,Copenhagen,Denmark,Pittsford,N.Y.,Princeton,N.J.,"Harvard University '09, Applied Mathematics, Economics"
Seth,Weil,,M,Rowing ,Men's Four,none,"6'6""",215,30383,Menlo Park,Calif.,Menlo Park,Calif.,Menlo Park,Calif.,"University of California '11, Davis"
Michael,DiSanto,,M,Rowing ,Men's Eight,none,"6'1""",200,31390,Boston,Mass.,Boston,Mass.,Boston,Mass.,"Harvard University '12, Psychology"
Sam,Dommer,,M,Rowing ,Men's Eight,none,"6'2""",202,32023,Roseville,Calif.,Folsom,Calif.,Princeton,N.J.,University of Washington '14 Electcrial Engineering
Austin,Hack,,M,Rowing ,Men's Eight,none,"6'8""",220,32279,Springfield,Mass.,Old Lyme,Conn.,Princeton,N.J.,"Stanford University '14, Political Science"
Alex,Karwoski,,M,Rowing ,Men's Eight,none,"6'4""",200,31670,Nashua,N.H.,Hollis,N.H.,Moultonborough,N.H.,"Cornell University 12, Civil and Environmental Engineering"
Steve,Kasprzyk,,M,Rowing ,Men's Eight,2012,"6'7""",229,28534,Willingboro,N.J.,Cinnaminson,N.J.,Cinnaminson,N.J.,Drexel University '05
Rob,Munn,,M,Rowing ,Men's Eight,none,"6'4""",215,31618,Bellevue,Wash.,Redmond,Wash.,Princeton,N.J.,University of Washington
Glenn,Ochal,,M,Rowing ,Men's Eight,2012-B,"6'4""",210,30010,Philadelphia,Pa. ,Philadelphia,Pa.,Philadelphia,Pa.,"Princeton University '08, Economics"
Sam,Ojserkis,,M,Rowing ,Men's Eight,none,"5'8""",122,31494,Pomona,N.J.,Linwood,N.J.,Linwood,N.J.,"University of Washington '12, Geography"
Hans,Struzyna,,M,Rowing ,Men's Eight,none,"6'2""",200,31136,Seattle,Wash.,Kirkland,Wash.,Alameda,Calif.,"University of Washington '11, Business"
Grace,Luczak,,F,Rowing ,Women's Pair,none,"6'3""",170,31190,Royal Oak,Mich.,Ann Arbor,Mich.,Princeton,N.J.,"Stanford University '11, Human Biology"
Felice,Mueller,,F,Rowing ,Women's Pair,none,"6'1""",160,31334,White Plaines,N.Y.,Cleveland,Ohio,Pennington,N.J.,"University of Michigan, Art and Design"
Gevvie,Stone,,F,Rowing ,Women's Single Sculls,2012,"6'0""",157,29777,Boston,Mass.,Newton,Mass.,Newton,Mass.,"Princeton University, '07; 'Tufts University '14, M.D."
Kate,Bertko,,F,Rowing ,Lightweight Women's Double Sculls,none,"5'9""",128,29166,Oakland,Calif.,Oakland,Calif.,San Francisco,Calif.,Princeton University
Devery,Karz,,F,Rowing ,Lightweight Women's Double Sculls,none,"5'8""",130,30729,Park City,Utah,Park City,Utah,Park City,Utah,Oregon State University
Meghan,O'Leary,,F,Rowing ,Women's Double Sculls,none,"6'0""",162,29456,Tulsa,Okla.,Baton Rouge,La.,Princeton,N.J.,University of Virginia
Ellen,Tomek,,F,Rowing ,Women's Double Sculls,2008,"5'10""",160,29341,Flushing,Mich.,Flushing,Mich.,Flushing,Mich.,University of Michigan '02
Tracy,Eisser,,F,Rowing ,Women’s Quadruple Sculls,none,"6'1""",185,31370,Summit,N.J.,Fair Lawn,N.J.,Fair Lawn,N.J.,Cornell University '12
Megan,Kalmoe,,F,Rowing ,Women’s Quadruple Sculls,2008; 2012-B,"5'10""",160,29087,Minneapolis,Minn. ,St. Croix Falls,Wis.,Monmouth Junction,N.J.,University of Washington '06 Latin and English
Grace,Latz,,F,Rowing ,Women’s Quadruple Sculls,none,"6'0""",175,30732,Ann Arbor,Mich.,Jackson,Mich.,Kingston,N.J.,"University of Wisconsin '11, International Studies, Global Commons and Environmental Studies"
Adrienne,Martelli,,F,Rowing ,Women’s Quadruple Sculls,2012-B,"6'1""",170,30652,Glendale,Calif.,University Place,Wash.,University Place,Wash.,"University of Washington '10, Biology, Physiology"
Amanda,Elmore,,F,Rowing ,Women's Eight,none,"5'11""",175,31848,West Lafayette,Ind.,West Lafayette,Ind.,West Lafayette,Ind.,"Purdue University '13, Biology"
Tessa,Gobbo,,F,Rowing ,Women's Eight,none,"6'1""",180,31753,Keene,N.H.,Chesterfield,N.H.,Chesterfield,N.H.,"Brown University '13, Sociology"
Eleanor,Logan,,F,Rowing ,Women's Eight,2008-G; 2012-G,"6'2""",190,30676,Portland,Maine,Boothbay Harbor,Maine,Bellingham ,Wash.,Stanford University '11
Meghan,Musnicki,,F,Rowing ,Women's Eight,2012-G,"6'0""",163,28890,Canandaigua,N.Y.,Naples,N.Y.,West Windsor,N.J.,"Ithaca College '05, Psychology"
Amanda,Polk,,F,Rowing ,Women's Eight,none,"5'11""",185,30164,Pittsburg,Pa. ,Pittsburgh,Pa.,Pennington,N.J.,"University of Notre Dame '08, Biochemistry"
Emily,Regan,,F,Rowing ,Women's Eight,none,"6'2""",178,30842,Buffalo,N.Y.,Buffalo,N.Y.,Princeton,N.J.,Michigan State University '10
Lauren,Schmetterling,,F,Rowing ,Women's Eight,none,"5'11""",170,30896,Moorestown,N.J.,Moorestown,N.J.,Moorestown,N.J.,Colgate University '10
Kerry,Simmonds,,F,Rowing ,Women's Eight,none,"6'0""",180,31139,Palo Alto,Calif.,San Diego,Calif.,Princeton,N.J.,"University of Washington '11, Biology"
Katelin,Snyder,,F,Rowing ,Women's Eight,none,"5'4""",110,30543,Nashua,N.H.,Orlando,Fla. ,Orlando,Fla.,University of Washington
Perry,Baker,,M,Rugby,Wing,none,"6'1""",180,6/29/1986,New Smyrna Beach,Fla.,Daytona Beach,Fla. ,Daytona Beach,Fla.,"Fairmont State University '10, Criminal Justice"
Danny,Barrett,,M,Rugby,Prop,none,"6'2""",225,3/23/1990,Pacifica ,Calif.,Pacifica,Calif.,Pacifica ,Calif.,"University of California - Berkeley '13, American Studies"
Garrett,Bender,,M,Rugby,Forward,none,"6'4""",230,12/2/1991,Minneapolis,Minn. ,Minneapolis,Minn.,Minneapolis,Minn.,"Minneapolis Washburn (Miinneapolis, Minn.) '10"
Andrew,Durutalo,,M,Rugby,Prop,none,6'2,236,10/25/1987,New York,N.Y.,San Diego,Calif.,Chula Vista,Calif.,"Binghamton University '11, Business Administration"
Nate,Ebner,,M,Rugby,Forward,none,"6'1""",215,12/14/1988,Columbus,Ohio,Columbus ,Ohio,Marble Cliff,Ohio,"Ohio State University '12, Nutrition/Exercise Science"
Madison,Hughes,,M,Rugby,Scrum Half,none,"5'8""",175,10/26/1992,Epsom,United Kingdom,Lancaster,Mass.,San Diego,Calif.,"Dartmouth College '15, History"
Carlin,Isles,,M,Rugby,Wing,none,"5'8""",165,11/21/1989,Akron,Ohio,Massillon,Ohio,Chula Vista,Calif.,"Ashland University '12, Education Early Childhood"
Martin,Iosefo,,M,Rugby,Center,none,"6'2""",220,1/13/1990,Honolulu,Hawaii,Wahiawa,Hawaii,Wahiawa,Hawaii,"University of Montana ’15, Psychology"
Folau,Niua,,M,Rugby,Fly-Half,none,"6'0""",196,1/27/1985,Sacramento,Calif.,East Palo Alto,Calif.,East Palo Alto,Calif.,"Woodside High School (River City, Calif.) '02"
Ben,Pinkelman,,M,Rugby,Forward,none,"6'4""",220,6/13/1994,Omaha,Neb.,Centennial,Colo.,Centennial,Colo.,"Colorado State University '16, Criminal Justice"
Zack,Test,,M,Rugby,Hooker,none,"6'3""",205,10/13/1989,Redwood City,Calif.,Redwood City,Calif.,Redwood City,Calif.,University of Oregon
Maka,Unufe,,M,Rugby,Wing,none,"6'2""",205,9/28/1991,Chula Vista,Calif. ,Provo,Utah,Chula Vista,Calif.,"Provo High School (Provo,  Utah)"
Chris,Wyles,,M,Rugby,Center/Fullback/Wing,none,"6'0""",205,9/12/1983,Stamford,Conn.,Stamford,Conn.,London,United Kingdom,University of Nottingham
Bui,Baravilala,,F,Rugby,Full-back,none,"5'6""",165,7/12/1991,Honolulu,Hawaii,Honolulu,Hawaii,Chula Vista,Calif.,"Radford High School (Honolulu, Hawaii) '09"
Ryan,Carlyle,,F,Rugby,Hooker,none,"5'6""",145,11/24/1989,Nycack,N.Y.,West Nyack,N.Y.,San Diego,Calif.,"University of South Carolina '11, Sport Management; DeVry University '14, MBA International Business"
Lauren,Doyle,,F,Rugby,Wing / Full-Back,none,"5'6""",150,2/23/1991,Springfield,Ill.,Boody,Ill.,Chula Vista,Calif.,"Eastern Illinois University '14, Marketing"
Carmen,Farmer,,F,Rugby,Lock,none,"6'1""",180,12/4/1980,Richmond,Va.,Richmond,Va.,East New Market,Md.,"Virginia Tech University ’03, Public and Urban Affairs; University of Maryland-Baltimore ‘06, Law"
Nana,Fa'avesi,,F,Rugby,Prop,none,"5'6""",161,2/5/1992,Salinas,Calif.,Sacramento,Calif.,Chula Vista,Calif.,"Luther Burbank High School (Sacramento, Calif.) ‘10"
Victoria,Folayan,,F,Rugby,Hooker,none,"5'5""",160,5/27/1985,Boston,Mass.,Boston,Mass.,Chula Vista,Calif.,"Stanford University ‘06, Psychology, Drama"
Kelly,Griffin,,F,Rugby,Prop,none,"5'4""",150,11/7/1986,Berkeley,Calif.,Berkeley,Calif.,Chula Vista,Calif.,"University of California – Los Angeles ‘08, Applied Mathematics"
Jessica,Javelet,,F,Rugby,Wing,none,"5'6""",140,6/25/1985,San Diego,Calif.,San Diego,Calif.,Rancho Santa Fe,Calif.,"University of Louisville ’07, Marketing"
Kathryn,Johnson,,F,Rugby,Center,none,"5'10""",153,10/25/1991,Minneapolis,Minn. ,Hopkins,Minn.,Hopkins,Minn.,University of Wisconsin-Milwaukee
Alev,Kelter,,F,Rugby,Scrum Half,none,"5'6""",165,3/21/1991,Tampa,Fla.,Eagle River,Alaska,San Diego,Calif.,"University of Wisconsin ’15, Fine Arts"
Jillion,Potter,,F,Rugby,Prop,none,"5'10""",175,7/5/1986,Austin,Texas,Denver,Colo.,Denver,Colo.,"University of New Mexico ’09, Exercise Science"
Richelle,Stephens,,F,Rugby,Flyhalf,none,"5'6""",145,7/22/1996,Fallbrook,Calif.,Fallbrook,Calif.,Fallbrook,Calif.,Lindenwood University 
Bora,Gulari,,M,Sailing,Nacra 17 Class (Two-Person Mixed Multihull),None,"5'11""",165,26227,Istanbul,Turkey,Detroit,Mich.,Detroit,Mich.,"University of Michigan '00, Aerospace Engineering"
Louisa,Chafee,,F,Sailing,Nacra 17 Class (Two-Person Mixed Multihull),None,"5'5""",125,32043,Providence,R.I.,Warwick,R.I.,Warwick,R.I.,Brown University 
Thomas,Barrows III,,M,Sailing,49er (Two-Person High Performance Skiff),2008 - U.S. Virgin Islands,"6'1""",181,30621,"St. Thomas, Virgin Islands",-,"St. Thomas, Virgin Islands",-,"St. Thomas, Virgin Islands",-,Yale University
Joe,Morris,,M,Sailing,49er (Two-Person High Performance Skiff),None,"5'10""",176,31275,Annapolis,Md.,Annapolis,Md. ,,,Yale University
Paris,Henken,,F,Sailing,49erFX (Two-Person High Performance Skiff),None,"5'6""",140,12/22/1995,Sonora,Calif.,Coronado,Calif.,Coronado,Calif.,College of Charleston
Helena ,Scutt,,F,Sailing,49erFX (Two-Person High Performance Skiff),None,"5'7""",145,6/15/1992,Cheltenham,United Kingdom,Kirkland,Wash.,Kirland,Wash.,Stanford University - Biomechanical Engineering (2014)
Charlie ,Buckingham,,M,Sailing,Laser (One-Person Dinghy),none,"6'2""",180,31062,Newport Beach,Calif.,Newport Beach,Calif.,Costa Mesa,Calif.,"Georgetown University '11, Government"
Paige ,Railey,,F,Sailing,Laser Radial (One-Person Dinghy),2012 ,"5'8""",147,5/15/1987,Clearwater,Fla.,Clearwater,Fla. ,Clearwater,Fla.,University of South Florida - Business Management (2010)
Caleb,Paine,,M,Sailing,Finn (One-Person Heavyweight Dinghy),None,"6'3""",215,11/15/1990,San Diego,Calif.,San Diego,Calif.,San Diego,Calif.,Mesa College
Pedro,Pascual,,M,Sailing,RS:X,none,"6'1""",154,33677,Cordoba,Mexico,Boca Raton,Fla. ,Chipiona,Cadiz,"Florida Atlantic University '18, Mechanical Engineering"
Marion ,Lepert,,F,Sailing,RS:X (Sail Board),none,"5'10""",135,33498,La Tronche,France,Belmont,Calif.,Belmont,Calif.,"Stanford University ’18, Mechanical Engineering"
Dave,Hughes,,M,Sailing,470 (Two-Person Dinghy),none,"6'1""",157,27050,Ithaca,N.Y.,Miami,Fla. ,Miami ,Fla.,
Stu,McNay,,M,Sailing,470 (Two-Person Dinghy),2008-13th; 2012-14th,"5'7""",145,28337,Boston,Mass.,Providence,R.I.,Providence,R.I.,
Annie,Haeger,,F,Sailing,470 (Two-Person Dinghy),none,"5'6""",128,31447,Chicago,Ill.,East Troy,Wis.,Ft. Lauderdale,Fla.,"Boston College '12, Marketing"
Briana,Provancha ,,F,Sailing,470 (Two-Person Dinghy),none,"5'7""",147,31161,San Diego,Calif.,San Diego,Calif.,Miami ,Fla.,"Boston College '12, Marketing"
Will,Brown,,M,Shooting,Air,none,"5'7""",135,32141,Twin Falls,Idaho,Twin Falls,Idaho,Twin Falls,Idaho,"University of Colorado – Colorado Springs, Mechanical Engineering"
Emil,Milev,,M,Shooting,Rapid Fire,Bulgaria: 1992; 1996-S; 2000; 2004; USA: 2012,"5'10""",185,23498,Sofia,Bulgaria,Brandon,Fla. ,Brandon,Fla.,"Bulgaria National Sports Academy ’01, Physical Education/Coaching"
Keith,Sanderson,,M,Shooting,Rapid Fire,2008-5th; 2012-14th,"6'0""",210,25965,Colorado Springs,Colo.,San Antonio,Texas,Colorado Springs,Colo.,"John Marshall High School (San Antonio, Texas) "
Jay,Shi,,M,Shooting,"Free, Air",none,"5'8""",135,27447,Beijing,China,Phoenix ,Ariz.,Phoenix,Ariz. ,"Arizona State University ’04, Computer System Engineering "
Lydia,Paterson,,F,Shooting,Air,none,"5'4""",153,33893,Kansas City,Kan.,Kansas City,Kan.,Kansas City,Kan. ,"University of St. Mary ’18, Biology"
Enkelejda,Shehaj,,F,Shooting,Sport,"Albania 1992-14th; 1996-15th, 21st","5'4""",126,23764,Tirana,Albania,Naples,Fla. ,Naples,Fla.,University of Albania
Matt,Emmons,,M,Shooting,Three-Position,2004-Gold; 2008-Silver; 2012-Bronze,"5'9""",185,28219,Mount Holly,N.J.,Brown Mills,N.J.,Zbiroh,Czech Republic,"University of Alaska-Fairbanks '03, Accounting"
David,Higgins,,M,Shooting,Prone,none,"5'9""",150,33050,La Jolla,Calif.,San Clemente,Calif.,Colorado Springs,Colo.,"Air Force Academy '16, Economics"
Lucas,Kozeniesky ,,M,Shooting,Air,none,"5'11""",175,33388,Meterie,La.,Fairfax,Va.,Camp Lejeune,N.C. ,"North Carolina State University '17, Sport Management"
Daniel,Lowe,,M,Shooting,Air,none,"6'0""",180,11/181992,Federal Way,Wash.,Olympia,Wash.,Fort Benning,Ga.,"(Olympia, Wash.) '12"
Michael,McPhail,,M,Shooting,Prone,2012-9th,"6'0""",195,28473,Platteville,Wis.,Darlington,Wis.,Fortson,Ga.,"University of Wisconsin - Oshkosh, Bsuiness"
Sarah,Scherer,,F,Shooting,Air,2012- 7th,"5'7""",137,31819,Salt Lake City,Utah,Woburn,Mass.,Colorado Springs,Colo.,"Texas Christian University ‘13, Nutrition"
Virginia,Thrasher,,F,Shooting,"Air, Three-Position",none,"5'1""",120,34027,Rome,N.Y. ,Springfield,Va.,Springfield,Va.,"West Virginia University ‘19, Engineering"
Glenn,Eller,,M,Shooting,Double Trap,2000; 2004; 2008-Gold; 2012,"6'2""",180,28495,Houston,Texas,Columbus,Ga.,Columbus,Ga.,Auburn University '04
Vincent,Hancock,,M,Shooting,Skeet,2008-Gold; 2012-Gold,"5'8""",175,31124,Port Charlotte,Fla.,Eatonton,Ga.,Fort Worth,Texas,"Troy University '14, Business Management"
Josh,Richmond,,M,Shooting,Double Trap,2012-16th,"6'2""",201,29938,Sayre,Pa. ,Hillsgrove,Pa.,Midland,Ga.,"Troy State Online ’14, General Education"
Frank,Thompson,,M,Shooting,Skeet,2012-8th,"5'11""",174,30751,Alliance,Neb.,Alliance,Neb.,Alliance,Neb.,"University of Colorado – Colorado Springs ’11, Business Administration "
Corey,Cogdell-Unrein,,F,Shooting,Trap,2008-B; 2012,"5'8""",155,30195,Palmer,Alaska,Eagle River,Alaska,Colorado Springs,Colo.,"I.D.E.A. Home School Association (Eagle River, Alaska) ‘06"
Morgan,Craft,,F,Shooting,Skeet,none,"5'3""",140,32638,Williamsport,Pa.,Muncy Valley,Pa.,Hellertown,Pa.,"Lindenwood University '15, Exercise Science"
Kim,Rhode,,F,Shooting,Skeet,1996-G; 2000-B; 2004-G; 2008-S; 2012-G,"5'4""",180,27590,Whittier,Calif.,El Monte,Calif.,Monrovia,Calif.,"California State Polytechnic University – Pomona, Food and Marketing, and Agribusiness Management"
Morgan,Brian,,F,Soccer,Midfield,none,"5'7""",127,32564,Kinston,N.C. ,Houston,Texas,Smyrna,Ga.,"University of Virginia '14, Kinesiology"
Crystal,Dunn,,F,Soccer,Midfield,none,"5'2""",123,32326,Queens,N.Y. ,Rockville Centre,N.Y. ,Rockville Centre,N.Y. ,"University of North Carolina ’14, Sociology"
Whitney,Engen,,F,Soccer,Defenseman,none,"5'7""",143,30647,Torrance,Calif.,Rolling Hills Estates,Calif.,Rancho Palos Verdes,Calif.,"University of North Carolina '09, Political Science "
Tobin,Heath,,F,Soccer,Midfield,2008-G; 2012-G,"5'6""",130,30830,Morrison,N.J. ,Basking Ridge,N.J.,Palm City,Fla.,"University of North Carolina '10, Communications"
Lindsey,Horan,,F,Soccer,Forward,none,5'9',165,33018,Wheat Ridge,Colo.,Golden,Colo. ,Golden,Colo.,--
Julie,Johnston,,F,Soccer,Defenseman,none,"5'7""",144,32238,Phoenix,Ariz.,Mesa,Ariz.,Mesa,Ariz. ,"Santa Clara Univeristy '14, Communication"
Meghan,Klingenberg,,F,Soccer,Defenseman,none,"5'2""",122,30895,Pittsburgh,Pa.,Pittsburgh,Pa. ,Gibsonia,Pa.,"University of North Carolina '11, Business"
Ali,Krieger,,F,Soccer,Defenseman,none,"5'6""",138,29429,Alexandria,Va.,Dumfries,Va.,Derwood,Md.,"Penn State University '07, Advertising/Public Relations"
Carli,Lloyd,,F,Soccer,Midfield,2008-G; 2012-G,"5'7""",140,28686,Marlton,N.J.,Delran,N.J. ,Mt. Laurel,N.J.,"Rutgers University '05, Exercise Science/Sport Studies"
Allie,Long,,F,Soccer,Midfield,none,"5'8""",140,30540,Huntington ,N.Y. ,Northport,N.Y. ,East Northport,N.Y. ,"University of North Carolina '08, Exercise/Sport Science"
Alex,Morgan,,F,Soccer,Forward,2012-G,"5'8""",137,31229,San Dimas,Calif.,Diamond Bar,Calif. ,Altamonte Springs,Fla. ,"University of California - Berkeley '10, Political Economy"
Alyssa,Naeher,,F,Soccer,Goalkeeper,none,"5'9""",152,30791,Bridgeport,Conn.,Seymour,Conn. ,Seymour,Conn.,"Penn State University '09, Kinesiology"
Kelley,O'Hara,,F,Soccer,Defenseman,2012-G,"5'5""",127,30897,Jacksonville,Fla. ,Fayetteville,Ga. ,Fayetteville,Ga.,"Stanford University '09, Science, Techonology and Society"
Christen,Press,,F,Soccer,Forward,none,"5'6""",135,31044,Los Angeles,Calif.,Palos Verdes Estates,Calif.,,,"Stanford University '10, Communication"
Mallory,Pugh,,F,Soccer,Forward,none,"5'4""",120,34452,Littleton,Colo.,Highlands Ranch,Colo.,Highlands Ranch,Colo.,University of California - Los Angeles 
Megan,Rapinoe,,F,Soccer,Midfield,2012-G,"5'6""",133,29771,Redding,Calif.,Redding,Calif.,Seattle,Wash.,"University of Portland '08, Sociology/Political Science"
Becky,Sauerbrunn,,F,Soccer,Defenseman,2012-G,"5'7""",140,29742,St. Louis,Mo.,St. Louis,Mo. ,Portland,Ore.,"University of Virginia '07, English"
Hope,Solo,,F,Soccer,Goalkeeper,2008-G; 2012-G,"5'9""",148,28335,Richland,Wash.,Richland,Wash. ,Kirkland,Wash.,"University of Washington '03, Communications"
Nathan,Adrian,,M,Swimming,"50m Free, 100m Free, 4x100 Free","2008-G; 2012-2G, S","6'6""",220,31022,Bremerton,Wash.,Bremerton,Wash.,Berkeley,Calif.,UC Berkeley - Public Health (2012 grad)
Gunnar,Bentz,,M,Swimming,4x200m Free,none,"6'5""",185,33605,Atlanta,Ga.,Atlanta,Ga.,Athens,Ga.,"University of Georgia ‘18, Business Management/Aerospace Studies"
Jack,Conger,,M,Swimming,4x200m Free,none,"6'4""",175,33141,Rockville,Md.,Rockville,Md. ,Rockville,Md.,"University of Texas ‘18, Corporate Communications"
Kevin,Cordes,,M,Swimming,"100m Breast, 200m Breast",none,"6'5""",193,32732,Chicago ,Ill.,Naperville,Ill.,Naperville,Ill. ,"University of Arizona ‘15, Business"
Caeleb,Dressel,,M,Swimming,"100m Free, 4x100m Free",none,"6'3""",190,33831,Orange Park,Fla.,Orange Park,Fla. ,Gainesville,Fla.,University of Florida '18
Conor,Dwyer,,M,Swimming,"200m Free, 400m Free, 4x200m Free",2012-G,"6'5""",195,31056,Evanston,Ill. ,Winnetka,Ill.,Winnetka,Ill. ,"University of Florida ‘12, Sports Management "
Anthony,Ervin,,M,Swimming,"50m Free, 4x100m Free","2000-G,S; 2012","6'3""",177,28270,Los Angeles,Calif.,Valencia,Calif. ,Los Angeles,Calif.,"University of California – Berkeley ‘10, English"
Jimmy,Feigen,,M,Swimming,4x100m Free,2012-S,"6'5""",216,31315,Hilo,Hawaii,San Antonio,Texas,Charlotte,N.C. ,"University of Texas ‘13, Kinesiology"
Townley,Haas,,M,Swimming,"200m Free, 4x200m Free",none,"6'5""",185,12/13/1996  ,Richmond,Va.,Henrico,Va.,Austin,Texas,University of Texas
Ryan,Held,,M,Swimming,4x100m Free,none,,,33415,Springfield,Ill. ,Springfield,Ill.,,,North Carolina State University
Connor,Jaeger,,M,Swimming,"400m Free, 1,500m Free",2012-6th,"6'1""",170,31896,Hackensack,N.J. ,Fair Haven,N.J. ,Fair Haven,N.J. ,"University of Michigan ‘14, Mechanical Engineer"
Chase,Kalisz,,M,Swimming,400m IM,none,"6'4""",190,32938,Baltimore,Md.,Bel Air,Md. ,Bel Air ,Md.,"University of Georgia '16, Business"
Jay,Litherland,,M,Swimming,400m IM,none,"6'0""",175,8/24/1995 ,Osaka,Japan,Greensboro,Ga. ,Greensboro,Ga.,"University of Georgia '18, Business"
Ryan,Lochte,,M,Swimming,"200m IM, 4x200 Free","2004-G,S; 2008-2G,2B; 2G,2S,B","6'2""",194,29435,Rochester,N.Y.,Daytona Beach,Fla. ,Charlotte,N.C. ,"University of Florida '06, Sports Management"
Cody,Miller,,M,Swimming,100m Breast,none,"5'11""",175,32150,Billings,Mont. ,Las Vegas,Nev. ,Bloomington,Ind. ,"Indiana University '15, Business Management "
Ryan,Murphy,,M,Swimming,"100m Back, 200m Back",none,"6'3""",200,33420,Palos Heights,Ill.,Ponte Vedra Beach,Fla. ,Berkeley,Calif.,"University of California - Berkeley '17, Undeclared"
Jacob,Pebley,,M,Swimming,200m Back,none,"6'4""",190,32767,Albany,Ore.,Corvallis,Ore.,Berkeley,Calif.,"University of California – Berkeley ‘16, Psychology"
Michael,Phelps,,M,Swimming,"100m Fly, 200m Fly, 200m IM","2000; 2004-6G, 2B; 2008-8G; 2012-4G,2S","6'4""",200,29766,Towson,Md. ,Baltimore,Md. ,Baltimore,Md.,"University of Michigan, Sport Management"
Blake,Pieroni,,M,Swimming,4x100 Free,none,"6'2""",190,11/15/1995  ,Crown Point,Ind.,Valparaiso,Ind.,Bloomington,Ind. ,"Indiana University '18, Biology"
David,Plummer,,M,Swimming,100m Back,none,"6'3""",210,29867,Norman,Okla. ,Minneapolis,Minn. ,Minneapolis,Minn.,"University of Minnesota '08, English Literature"
Josh,Prenot,,M,Swimming,200m Breast,none,"5'11""",167,32716,Sedalia,Mo.,Berkeley,Calif. ,Berkeley,Calif.,"University of California - Berkeley '17, Physics "
Tom,Shields,,M,Swimming,200m Fly,none,"6'4""",190,31968,Panama City,Fla.,Huntington Beach,Calif.,Berkeley,Calif. ,"University of California - Berkeley '15, Religious Studies"
Clark,Smith,,M,Swimming,4x200m Free,none,"6'9""",198,4/17/1995 ,Atlanta,Ga.,Denver,Colo. ,Parker,Colo.,"University of Texas '17, Kinesiology"
Cammile,Adams,,F,Swimming,200m Fly,2012,"5'8""",143,32030,Houston,Texas,Houston,Texas,Charlotte,N.C. ,Texas A&M - Education (2014 grad)
Kathleen,Baker,,F,Swimming,100m Back,none,"5'8""",149,34027,Winston Salem,N.C. ,Winston-Salem,N.C. ,Winston Salem,N.C. ,"University of California – Berkeley ‘19, Public Health"
Elizabeth,Beisel,,F,Swimming,400m IM,"2008; 2012-S,B","5'6""",146,32372,Saunderstown,R.I.,Saunderstown,R.I.,Gainesville,Fla.,University of Florida - Communications (2014 grad)
Maya,DiRado,,F,Swimming,"200m Back, 200m IM, 400m IM",none,"5'9""",143,32602,San Francisco,Calif.,Santa Rosa,Calif.,Redwood City,Calif.,"Stanford University ‘14, Management Science and Engineering "
Hali,Flickinger,,F,Swimming,200m Fly,none,"5'5""",115,33060,York,Penn.,Spring Grove,Pa. ,Athens,Ga.,"University of Georgia '17, Finance"
Missy,Franklin,,F,Swimming,"200m Back, 200m Free, 4x200m Free","2012-4G, 1B","6'2""",170,33367,Pasadena,Calif.,Centennial,Colo. ,Centennial,Colo.,"Regis Jesuit High School (Aurora, Colo.) ‘13"
Molly,Hannis,,F,Swimming,200m Breast,none,"5'6""",155,32214,Santa Rosa,Calif.,Santa Rosa,Calif. ,Knoxville,Tenn.,"University of Tennessee '15, Recreation Sports Management"
Lilly,King,,F,Swimming,"100m Breast, 200m Breast",none,"5'9""",155,2/10/1997 ,Evansville,Ind.,Evansville,Ind. ,Evansville,Indiana,"Indiana University '19, Physical Education"
Katie,Ledecky,,F,Swimming,"200m Free, 400m Free, 800m Free, 4x200m Free",2012-G,"6'0""",160,34044,"Wasington, D.C.",-,Bethesda,Md. ,Bethesda,Md.,"Stanford University, Undeclared"
Simone,Manuel,,F,Swimming,"50m Free, 100m Free, 4x100 Free",none,"5'10""",160,33817,Houston,Texas,Sugar Land,Texas,Sugar Land,Texas,"Stanford University '18, Undeclared"
Melanie,Margalis,,F,Swimming,"200 IM, 4x200 Free",none,"5'8""",144,32140,Clearwater,Fla.,Clearwater,Fla. ,Clearwater,Fla.,"University of Georgia '14, Fashion Merchandising"
Katie,Meili,,F,Swimming,100m Breast,none,"5'7""",135,4/16/1991 ,Carrollton,Texas,Colleyville,Texas,Charlotte,N.C. ,"Columbia University '13, Psychology"
Lia,Neal,,F,Swimming,4x100m Free,2012 - B,"5'10""",165,33281,Brooklyn,N.Y.,Brooklyn,N.Y.,Brooklyn ,N.Y. ,"Stanford Univeristy '17, Science, Technology and Society"
Cierra,Runge,,M,Swimming,4x200m Free,none,"6'4""",187,3/7/1996  ,West Chester,Pa.,Cochranville,Pa.,Cochranville,Pa.,"University of California – Berkeley, University of Wisconsin, Undeclared"
Allison,Schmitt,,F,Swimming,4x200m Free,"2008-B; 2012-3G,S,B","6'1""",165,6/7/1990  ,Pittsburgh,Pa.,Canton,Mich.,Paradise Valley,Ariz. ,"University of Georgia ‘13, Psychology"
Leah,Smith,,F,Swimming,"400m Free, 800m Free, 4x200m Free",none,"5'9""",149,33346,Pittsburgh,Pa.,Pittsburgh,Pa.,Charlottesville,Va.,"University of Virginia '17, Media Studies"
Olivia,Smoliga,,F,Swimming,100m Back,none,"6'2""",165,33157,Phoenix,Ariz.,Chicago,Ill.,Athens,Ga.,"Univeristy of Georgia '16, Exercise and Sport Science"
Dana,Vollmer,,F,Swimming,"100m Fly, 4x100m Free","2012-3G, 2004-G","6'1""",150,30632,Syracuse,N.Y.,Danville,Calif.,Danville,Calif.,"University of California - Berkeley '10, Anthropology"
Amanda,Weir,,F,Swimming,4x100m Free,"2012-B, 2004-2S","6'2""",170,30020,Davenport,Iowa,Lawrenceville,Ga.,Decatur,Ga.,"University of Southern California '09, Fine Art"
Amanda,Weitzeil,,F,Swimming,"50m Free, 100m Free, 4x100m Free",none,5'10,150,33940,Valencia,Calif.,Saugus,Calif.,Saugus,Calif.,"Saugus High School (Saugus, Calif.) '15"
Kelsi,Worrell,,F,Swimming,100m Fly,none,"5'11""",165,33068,Voorhees,N.J.,Westampton,N.J.,Louisville,Ky.,"University of Louisville '16, Exercise Science"
Sean,Ryan,,M,Swimming,10K Open Water,None,"6'3""",170,32367,Augusta,Ga.,Chattanooga,Tenn.,Ann Arbor,Mich.,University of Michigan - Mechanical Engineering (2014)
Jordan,Wilimovsky,,M,Swimming,"10K Open Water; 1,500m free",none,"5'9""",150,32984,Malibu,Calif.,Malibu,Calif.,Mailbu,Calif.,Northwestern University - Political Science (2016)
Haley,Anderson,,F,Swimming,10K Open Water,2012-Silver,"5'10""",150,32100,Santa Clara ,Calif.,Granite Bay,Calif.,Manhattan,Calif.,University of Southern California - Communications (2013) 
Anita,Alvarez,,F,Synchro,Duet/Team,none,"5'7""",114,33939,Buffalo,N.Y.,Buffalo,N.Y.,Concord,Calif.,U.S. Performance Academy - (2015)
Mariya,Koroleva,,F,Synchro,Duet/Team,2012,"5'5""",123,31511,Yaroslavl,Russia,Concord,Calif.,Concord,Calif.,Stanford University - Communications (2013)
Yijun,Feng,,M,Table Tennis,"Singles, Team",none,"6'1""",157,34011,Nanjing,China,Alpharetta,Ga. ,Alpharetta,Ga.,
Kanak,Jha,,M,Table Tennis,"Singles, Team",none,"5'5""",114,35234,Milpitas,Calif.,Milpitas,Calif.,Milpitas,Calif.,"Milpitas High School (Milpitas, Calif.) '18"
Timothy,Wang,,M,Table Tennis,Singles,2012,"5'9""",141,32005,Houston,Texas,Houston,Texas,Houston,Texas,"Kerr High School (Houston, Texas) '09"
Jennifer,Wu,Yue (legal first name),F,Table Tennis,"Singles, Team",none,"5'3""",112,31425,Beijing,China,Fort Lee,N.J.,Fort Lee,N.J.,
Lily,Zhang,,F,Table Tennis,"Singles, Team",2012,"5'5""",130,33770,Palo Alto,Calif.,Palo Alto,Calif.,Milpitas,Calif.,University of California - Berkeley
Jiaqi,Zheng,,F,Table Tennis,Team,none,"5'5""",94,30693,Zaozhuang,China,Fremont,Calif. ,Fremont,Calif.,
Stephen,Lambdin,,M,Taekwondo,+80 kg.,None,"6'2""",240,30749,Rockwall,Texas,Colleyville,Texas,Edmond,Okla.,California Lutheran University - Criminal Justice (2011)
Steven,Lopez,,M,Taekwondo,80 kg.,2000-G; 2004-G; 2008-B; 2012,"6'3""",185,27341,New York,N.Y.,Sugar Land,Texas,Sugar Land,Texas,"Kempner High School (Sugar Land, Texas) '97"
Jackie,Galloway,,F,Taekwondo,+67 kg.,None,"5'10""",175,33598,Crownpoint,Ind.,Wylie,Texas,Sachse,Texas,Southern Methodist University - Biomechanical engineering (2018)
Paige,McPherson,,F,Taekwondo,-67 kg.,2012-B,"5'8""",140,31685,Abilene,Texas,Sturgis,S.D. ,Miami,Fla.,Miami-Dade College
Brian,Baker,,M,Tennis,Singles,none,"6'3""",170,29705,Nashville,Tenn.,Nashville,Tenn.,McLean,Va.,"Belmont University '15, General Business"
Steve ,Johnson,,M,Tennis,"Singles, Doubles",none,"6'2""",190,31404,Los Angeles,Calif.,Los Angeles,Calif.,New York,N.Y. ,USC
Denis,Kudla,,M,Tennis,Singles,none,"5'11""",175,32371,Kiev,Ukraine,Arlington,Va.,Tampa,Fla.,"Laurel Springs High School (College Park, Maryland) '10"
Jack,Sock,,M,Tennis,"Singles, Doubles",none,"6'3""",185,32409,Lincoln,Neb.,Lincoln,Neb.,Overland,Kan. ,
Madison,Keys,,F,Tennis,Singles,none,"5'10""",150,33285,Bettendorf,Iowa,Lake Worth,Fla. ,Lake Worth,Fla.,
Bethanie,Mattek-Sands,,F,Tennis,Doubles,none,"5'6""",145,29667,Rochester,Minn. ,Phoenix,Ariz.,Phoenix,Ariz. ,
Rajeev ,Ram,,M,Tennis,Doubles,none,"6'4""",185,29297,Englewood,Colo.,Carmel,Ind.,Carmel,Ind.,"University of Illinois – Urbana-Champaign ‘06, Coursework"
Sloane,Stephens,,F,Tennis,Singles,none,"5'8""",142,32586,Fresno,Calif.,Ft. Lauderdale,Fla. ,Los Angeles,Calif.,
Coco ,Vandeweghe,,F,Tennis,Doubles,none,"6'1""",155,32116,New York,N.Y.,Rancho Santa Fe,Calif.,Rancho Santa Fe,Calif.,
Venus,Williams,,F,Tennis,"Singles, Doubles",2000-2G; 2004; 2008-G; 2012-G,"6'1""",160,27927,Lynwood,Calif.,Palm Beach Gardens,Fla. ,Palm Beach Gardens,Fla.,
Serena,Williams,,F,Tennis,"Singles, Doubles",2000-G; 2008-G; 2012-2G,"5'10""",160,28393,Saginaw,Mich.,Palm Beach Gardens,Fla. ,Beverly Hills,Calif.,
Brad,Adkins,,M,Track and Field,High Jump,none,"6'2""",175,32871,Lubbock,Texas,Idalou,Texas,Lubbock,Texas,Texas Tech University '16
Morolake,Akinosun,,F,Track and Field,4x100m,none,"5'4""",135,33009,Lagos,Nigeria,Chicago,Ill.,Austin,Texas,"University of Texas '16, Exercise Science"
Devon,Allen,,M,Track and Field,110m Hurdles,none,"6'1""",185,33218,Eugene,Ore.,Eugene,Ore.,Eugene,Ore.,"University of Oregon '17, Business"
Nia,Ali,,F,Track and Field,100m Hurdles,none,"5'7""",143,30977,Philadelphia,Pa.,Philadelphia,Pa.,Los Angeles,Calif.,Tennessee '07; USC '11
Robby,Andrews,,M,Track and Field,"1,500m",none,"5'10""",145,31864,Staten Island,N.J.,Manalapan,N.J.,Manalapan,N.J.,"University of Virginia '14, Kinesiology"
Ronnie,Ash,,M,Track and Field,110m Hurdles,none,"6'2""",208,30864,Passaic,N.J.,Passaic,N.J.,Tallahassee,Fla.,University of Oklahoma
Whitney,Ashley,,F,Track and Field,Discus Throw,none,"5'10""",200,31095,Riverside,Calif.,Riverside,Calif.,Chula Vista,Calif.,"San Diego State University '12, Journalism"
Tavis,Bailey,,M,Track and Field,Discus Throw,none,"6'3""",275,32147,Poughkeepsie,N.Y.,Kannapolis,N.C. ,Knoxville,Tenn.,"University of Tennessee, '16, MBA Sport Management"
Tianna,Bartoletta,Madison,F,Track and Field,"100m, Long Jump",2012-G,"5'6""",130,29827,Elyria,Ohio,Tampa,Fla. ,Tampa,Fla.,"University of Tennessee '07, Social Work "
Chris,Benard,,M,Track and Field,Triple Jump,none,"6'3""",185,31510,Tustin,Calif.,Corona,Calif.,Chula Vista,Calif.,"Arizona State University '12, Communication/Exercise and Wellness"
Boris,Berian,,M,Track and Field,800m ,none,"6'0""",153,32495,Colorado Springs,Colo. ,Colorado Springs,Colo.,Rancho Cucamonga,Calif.,"Adams State University, Education and Coaching"
Gwen,Berry,,F,Track and Field,Hammer Throw,none,"5'9""",195,31226,Centerville,Ill.,St. Louis,Mo. ,Oxford,Miss.,"Southern Illinois University '11, Psychology/Criminal Justice"
Ben,Blankenship,,M,Track and Field,"1,500m",none,"5'10""",140,31030,Minneapolis,Minn. ,Stillwater,Minn.,Eugene,Ore.,"University of Minnesota '11, American Studies"
Hillary,Bor,,M,Track and Field,3000m Steeplechase,none,"5'6""",115,31372,Rift Valley,Kenya,Colorado Springs,Colo.,Colorado Springs,Colo. ,"Iowa State University '11, Accounting"
Brittany,Borman,,F,Track and Field,Javelin Throw,2012,"6'0""",170,31228,St. Louis,Mo.,Festus,Mo. ,Fullerton,Calif.,"University of Oklahoma ('09-'12), UCLA ('08-'09)"
Tori,Bowie,,F,Track and Field,"100m, 200m",none,"5'9""",128,31650,Jackson,Miss.,Sandhill,Miss.,Lena,Miss.,"University of Southern Mississippi, Interdisciplinary Studies"
Marvin,Bracy,,M,Track and Field,100m,none,"5'9""",171,32856,Orlando,Fla.,Orlando,Fla. ,Clermont,Fla.,Florida State University
Trayvon,Bromell,,M,Track and Field,100m,none,"5'9""",154,33428,St. Petersburg,Fla.,St. Petersburg,Fla. ,Waco,Texas,"Baylor University '17, Film and Digital Media"
Donn,Cabral,,M,Track and Field,3000m Steeplechase,2012,"5'10""",148,31392,Glastonbury,Conn.,Glastonbury,Conn. ,Annandale,N.J.,Princeton '12
Amber,Campbell,,F,Track and Field,Hammer Throw,2008; 2012,"5'7""",200,28280,Cincinnati,Ohio,Indianapolis,Ind.,Myrtle Beach,S.C.,Coastal Carolina (2004 grad)
Kelsey,Card,,F,Track and Field,Discus Throw,none,"5'10""",255,32374,Springfield,Ill.,Carlinville,Ill.,Madison,Wis.,"University of Wisconsin '16, Human Development and Family Studies"
Michelle,Carter,,F,Track and Field,Shot Put,2008; 2012,"5'9""",300,29870,San Jose,Calif.,Ovilla,Texas,Ovilla,Texas,Texas (2007 grad)
Kristi ,Castlin,,F,Track and Field,100m Hurdles,none,"5'7""",133,30869,Atlanta ,Ga.,Atlanta,Ga.,Alpharetta,Ga.,"Virginia Tech, Political Science"
Matthew,Centrowitz,,M,Track and Field,"1,500m",2012,"5'9""",145,31337,Beltsville,Md.,Portland,Ore.,Portland,Ore.,"University of Oregon '11, Sociology"
Paul,Chelimo,,M,Track and Field,"5,000m ",none,"5'9""",125,31711,Rift Valley,Kenya,Beaverton,Ore.,Beaverton,Ore.,University of North Carolina - Greensboro
Will,Claye,,M,Track and Field,Triple Jump,"2012-S, B","5'11""",160,31940,Tucson,Ariz.,Phoenix,Ariz.,Gainesville,Fla.,Oklahoma '10/Florida '12
Kerron,Clement,,M,Track and Field,400m hurdles,"2008-G, S; 2012","6'2""",192,29889,Trinidad,Trinidad and Tobago,LaPorte,Texas,Gainesville,Fla.,University of Florida '07
Kyle,Clemons,,M,Track and Field,4x400m,none,"5'11""",163,31772,Jonesboro,Ark.,Jonesboro,Ark.,Lawrence,Kan. ,"University of Kansas, African American Studies "
Emma,Coburn,,F,Track and Field,3000m Steeplechase,2012,"5'8""",120,31703,Boulder,Colo.,Crested Butte,Colo.,Boulder,Colo.,University of Colorado '13
Christian,Coleman,,M,Track and Field,4x100m,none,"5'9""",159,33668,Atlanta,Ga.,Atlanta ,Ga.,Atlanta,Ga.,"University of Tennessee, Sport Management "
Kim,Conley,,F,Track and Field,5000m,2012,"5'3""",110,30023,Slough,United Kingdom,Sacramento,Calif. ,West Sacramento,Calif.,UC Davis - Exercise Biology (2009 grad)
Ryan,Crouser,,M,Track and Field,Shot put,none,"6'7""",275,32494,Portland,Ore.,Boring,Ore.,Redmond,Ore.,"University of Texas '15, Economics"
Sam,Crouser,,M,Track and Field,Javelin Throw,none,"6'6""",230,32141,Gresham,Ore.,Gresham,Ore.,Gresham,Ore.,"University of Oregon '15, Sociology"
Logan,Cunningham,,M,Track and Field,Pole Vault,none,"5'9""",160,31926,Nacogdoches,Texas,Smithson Valley,Texas,San Marcos,Texas,"Texas State University '14, Nutrition and Foods"
Vashti,Cunningham,,F,Track and Field,High Jump,none,"6'1""",123,34351,Las Vegas,Nev.,Las Vegas,Nev. ,Las Vegas,Nev.,"Bishop Gorman High School (Las Vegas, Nev.) '16"
Abbey,D'Agostino,,F,Track and Field,5000m,none,5'3,110,32287,Boston,Mass.,Topsfield,Mass.,Brighton,Mass.,Dartmouth University '14
Janay,Deloach ,,F,Track and Field,Long Jump,2012-B,"5'5""",128,29870,Tyndall Air Force Base,Fla.,Fort Collins,Colo.,Fort Collins,Colo.,"Colorado State University '08, Human Development, Colorado State University '12, Occupational Therapy"
Ashton,Eaton,,M,Track and Field,Decathlon,2012-G,"6'1""",180,30701,Portland,Ore. ,Bend,Ore. ,Vancouver,Wash.,"University of Oregon '10, Psychology"
Taylor,Ellis-Watson,,F,Track and Field,4x400m,none,"6'0""",142,32633,Philadelphia,Pa.,Philadelphia,Pa.,Melbourne,Fla.,"University of Pittsburgh '15, Psychology"
Christina,Epps,,F,Track and Field,Triple Jump,none,"5'9""",145,31947,Bronx,N.Y.,Morristown,N.J. ,Baltimore,Md.,"Coppin State University '13, Psychology "
Andrew,Evans,,M,Track and Field,Discus Throw,none,"6'6""",250,31801,Kalamazoo,Mich.,Portage,Mich.,Chula Vista,Calif.,"University of Kentucky '15, Kinesiology"
Allyson,Felix,,F,Track and Field,400m,"2004-S; 2008-G,S; 2012-3G","5'6""",125,29907,Los Angeles,Cailf.,Los Angeles,Calif.,Los Angeles,Calif.,"University of Southern California '07, Elementary Education"
Mason ,Finley,,M,Track and Field,Discus Throw,none,"6'8""",348,31691,Kansas City,Mo.,Chaffee County,Colo. ,Lawrence,Kan. ,"University of Wyoming '14, Theatre Performance"
Phyllis,Francis,,F,Track and Field,400m,none,"5'11""",158,32266,New York,N.Y.,Bryan,Texas,Bryan,Texas,"University of Oregon '14, Social Sciences"
Courtney,Frerichs,,F,Track and Field,3000m Steeplechase,none,"5'7""",118,32525,Barrington ,Ill.,Nixa,Mo. ,Nixa,Mo.,"University of New Mexico '17, M.S. community Health"
Sean,Furey,,M,Track and Field ,Javelin Throw,2012 - 37,"6'2""",200,28732,Greenville,N.C. ,Methuen,Mass.,San Diego,Calif.,"Dartmouth College '04, Mechanical Engineering; '05, Engineering Management"
English,Gardner,,F,Track and Field,100m,none,"5'6""",120,32254,Philadelphia,Pa.,Voorhees,N.J. ,Lumberton,N.J.,"University of Oregon '13, Social Sciences"
Justin,Gatlin,,M,Track and Field,"100m, 200m","2004-G,S,B; 2012-B,S","6'1""",177,28530,Brooklyn,N.Y. ,Pensacola,Fla. ,Clermont,Fla.,"University of Tennesee '02; Troy University '06, Psychology "
Tyson,Gay,,M,Track and Field,4x100m,2008; 2012-S,"5'11""",178,28710,Lexington,Ky. ,Lexington,Ky.,Clermont,Fla.,Barton CC '03; Arkansas - Marketing '05
Andrea,Geubelle,,F,Track and Field,Triple Jump,none,"5'4""",128,31953,Lakewood,Wash.,University Place,Wash.,University Place,Wash. ,"University of Kansas, Community Health/Pre-Nursing"
Kate,Grace,,F,Track and Field ,800m,none,"5'8""",122,30978,Los Angeles,Calif.,Sacramento,Calif.,Sacramento,Calif.,"Yale University '11, Bachelor of Arts"
Arman,Hall,,M,Track and Field,4x400m,none,"6'0""",165,32915,Miami,Fla.,Pembroke Pines,Fla. ,Pembroke Pines,Fla.,"University of Florida '17, African American Studies "
Marielle,Hall,,F,Track and Field,"10,000m",none,5'3,112,32169,Philadelphia,Pa.,Mount Laurel ,N.J. ,Mount Laurel,N.J.,"University of Texas '14, Government"
Mike,Hartfield,,M,Track and Field,Long Jump,none,"6'3""",170,31499,Hartford,Conn.,Manchester,Conn.,Chula Vista,Calif.,"Ohio State University '13, Sociology and Criminal Justice "
Natasha,Hastings,,F,Track and Field,400m,2008-G,"5'8""",150,30154,Brooklyn,N.Y. ,Queens,N.Y. ,Round Rock,Texas,"University of South Carolina '09, Exercise Science"
Jeff,Henderson,,M,Track and Field,Long Jump,none,"6'0""",189,31096,McAlmont,Ark.,McAlmont,Ark.,Chula Vista,Calif.,"Stillman College '13, Business Administration"
Darrell,Hill,,M,Track and Field,Shot Put,none,"6'3""",320,32736,Darby,Pa.,Darby,Pa.,State College,Pa.,"Penn State University '15, Rehabiliation and Human Service"
Cyrus,Hostetler,,M,Track and Field,Javelin Throw,2012,"6'2""",210,30170,Newberg,Ore.,Newberg,Ore.,Chula Vista,Calif.,"University of Oregon '10, Art"
Shelby,Houlihan,,F,Track and Field,5000m,none,"5'3""",118,32546,Sioux City,Iowa,Sioux City,Iowa,Beaverton,Ore.,"Arizona State University '15, Interdisciplinary Studies/Business"
Molly,Huddle,,F,Track and Field,"10,000m",2012,"5'5""",108,29463,Elmira,N.Y.,Elmira,N.Y. ,Providence,R.I.,"University of Notre Dame '06, Biology"
Emily,Infeld,,F,Track and Field,"10,000m",none,5'4,110,31491,University Heights,Ohio,Portland,Ore.,Portland,Ore.,Georgetown University
Evan,Jager,,M,Track and Field,"3,000m Steeplechase",2012,"6'2""",145,31113,Algonquin,Ill.,Algonquin,Ill.,Portland,Ore.,Wisconsin
Charles,Jock,,M,Track and Field,800m,none,"6'3""",164,31373,Addis Ababa,Ethiopia,San Diego,Calif.,Eugene,Ore.,"University of California - Irvine '12, Urban Studies"
Felisha,Johnson,,F,Track and Field,Shot Put,none,"6'1""",280,31251,Indianapolis,Ind.,Indianapolis,Ind.,Terra Haute,Ind.,"Indiana State University '13, Recreational Sport Management"
Kibwe,Johnson,,M,Track and Field,Hammer Throw,2012-T-9th,"6'2""",225,28322,San Francisco,Calif.,San Francisco,Calif.,Bradenton,Fla.,"University of Georgia '01,"
Sam,Kendricks,,M,Track and Field,Pole Vault,none,"6'1""",175,32392,Oceanside,Calif.,Oxford,Miss.,Oxford,Miss.,University of Mississippi
Shadrack,Kipchirchir,,M,Track and Field,"10,000m",none,"5'8""",118,31099,Eldoret,Kenya,Beaverton,Ore.,Beaverton,Ore.,"Oklahoma State University '14, Construction Engineering"
Leonard,Korir,,M,Track and Field,"10,000m ",none,"5'7""",130,30294,Iten,Kenya,Colorado Springs,Colo.,Colorado Springs,Colo.,Iona College
Joe,Kovacs,,M,Track and Field,Shot Put,none,"6'0""",295,31225,Bethlehem,Pa.,Nazareth,Pa.,Chula Vista,Calif.,"Penn State University '11, Energy Business and Finance"
Erik,Kynard,,M,Track and Field,High Jump,2012-S,"6'4""",198,31810,Toledo,Ohio,Toledo,Ohio,Manhattan,Kan. ,Kansas State University '13
Bernard,Lagat,,M,Track and Field,"5,000m",2000-B; 2004-S; 2008; 2012,"5'8""",130,25913,Kapsabet,Kenya,Tucson,Ariz.,Tucson,Ariz. ,Washington State '99
Jarrion,Lawson,,M,Track and Field,Long Jump,none,"6'2""",172,32998,Texarkana,Texas,Texarkana,Texas,Fayetteville,Ark. ,University of Arkansas
Chaunte,Lowe,Howard,F,Track and Field,High Jump,2004; 2008; 2012,"5'9""",132,29231,Templeton,"Calif,",Riverside,Calif.,Oviedo,Fla.,"Georgia Tech '06, Economics/Finance; Western Governors University, Mathematics Education"
Maggie,Malone,,F,Track and Field,Javelin Throw,none,"5'8""",170,32871,College Station,Texas,Geneva,Neb.,College Station,Texas,"Texas A&M University '17, Human Resources"
Brenda,Martinez,,F,Track and Field,1500m,none,"5'7""",124,30566,Upland,Calif.,Big Bear Lake,Calif.,Rancho Cucamonga,Calif.,California - Riverside '10
Conor,McCullough,,M,Track and Field,Hammer Throw,none,"6'5""",235,31807,Woodland Hills,Calif.,Los Angeles,Calif.,Canoga Park,Calif.,"University of Southern California, History"
Francena,McCorory,,F,Track and Field,4x400m,2012-G,"5'7""",151,30974,Los Angeles,Calif.,Hampton,Va.,Hampton,Va.,Hampton University '10
Inika,McPherson,,F,Track and Field,High Jump,none,"5'5""",114,30222,Galveston,Texas,Port Arthur,Texas ,Oakland,Calif.,"University of California - Berkeley '09, African American Studies"
Sydney ,McLaughlin,,F,Track and Field,400m Hurdles,none,"5'9""",132,34917,New Brunswick,N.J. ,Dunellen,N.J. ,Dunellen ,N.J.,"Union Catholic Regional High School (Scotch Plains, N.J.) '17"
Tony,McQuay,,M,Track and Field,4x400m,2012-S,"5'11""",160,31517,West Palm Bach,Fla.,Clermont,Fla. ,Clermont,Fla.,University of Florida '12
Hassan,Mead,,M,Track and Field,"5,000m",none,"6'2""",145,31955,Borama,Somalia,Eugene,Ore.,Eugene,Ore.,"University of Minnesota '11, Communications"
LaShawn,Merritt,,M,Track and Field,"200m, 400m, 4x400m",2008-2G; 2012,"6'3""",190,30128,Portsmouth,Va. ,Portsmouth,Va.,Portsmouth,Va.,"East Carolina '08, Business Management"
Heather,Miller-Koch,,F,Track and Field,Heptathlon,none,"5'9""",140,30404,Madison,Wis.,Columbus,Wis.,Mendota Heights,Minn.,"St. Cloud State University '10, Nursing"
Sandi,Morris,,F,Track and Field,Pole Vault,none,"5'8""",137,32331,Downers Grove,Ill.,Greenville,S.C. ,Fayetteville,Ark. ,"University of Arkansas '15, Broadcast Journalism "
Dalilah,Muhammad,,F,Track and Field,400m Hurdles,none,"5'8""",122,31449,Jamaica,N.Y. ,Jamaica,N.Y. ,Los Angeles,Calif.,USC '12
Clayton,Murphy,,M,Track and Field,800m,none,"5'11""",150,33294,Greenville,Ohio,Akron,Ohio,Akron,Ohio,"University of Akron '17, Corporate Finance"
Barbara,Nwaba,,F,Track and Field,Heptathlon,none,"5'9""",146,31064,Los Angeles,Calif.,Los Angeles,Calf.,Santa Barbara,Calif.,"University of California - Santa Barbara '12, Sociology"
Courtney,Okolo,,F,Track and Field,4x400m,none,"5'8""",130,32946,Dallas,Texas,Carrollton,Texas,Austin,Texas,"University of Texas, 16"
Keturah,Orji,,F,Track and Field,Triple Jump,none,"5'5""",135,33667,Hoboken,N.J. ,Mount Olive,N.J. ,Budlake ,N.J.,"University of Georgia '18, Financial Planning"
Jeff,Porter,,M,Track and Field,110m Hurdles,2012,"6'0""",190,29916,Summit,N.J. ,Somerset,N.J. ,Canton,Mich.,Michigan
Jenna,Prandini,,F,Track and Field,200m ,none,"5'8""",132,32466,Fresno,Calif.,Clovis,Calif.,Eugene,Ore.,"University of Oregon '16, Business and Economics"
DeAnna,Price,,F,Track and Field,Hammer Throw,none,5'8,220,32666,St. Charles,Mo.,Old Monroe,Mo. ,Carbondale,Ill.,"Southern Illinois University '16, Accounting"
Colleen ,Quigley,,F,Track and Field,3000m Steeplechase,none,"5'9""",135,32466,St. Louis,Mo.,St. Louis,Mo. ,Portland,Ore.,"Florida State University '15, Dietetics"
Brittney,Reese,,F,Track and Field,Long Jump,2008; 2012-G,"5'8""",136,30202,Inglewood,California,Gulfport,Miss.,Chula Vista,Calif.,"University of Mississippi '08, English"
Gil,Roberts,,M,Track and Field,400m,none,"6'2""",180,31120,Oklahoma City,Okla. ,Oklahoma City,Okla. ,Los Angeles,Calif.,"Texas Tech University '11, Sociology "
Ricky,Robertson,,M,Track and Field,High Jump,none,"5'11""",165,31673,Mount Holly,N.J. ,Hernando,Miss.,Chula Vista,Calif.,"University of Mississippi '14, Criminal Justice/Psychology"
Byron,Robinson,,M,Track and Field,400m Hurdles,none,"5'9""",165,33367,Richmond,Va. ,Chesapeake,Va. ,Austin,Texas,"University of Texas '17, Government"
Michael,Rodgers,,M,Track and Field,4x100m,none,"5'9""",178,29699,St. Louis,Mo. ,Florissant,Mo. ,Round Rock,Texas,Oklahoma Baptist University '06
Brianna,Rollins,,F,Track and Field,100m Hurdles,none,"5'5""",130,32006,Miami,Fla.,Miami,Fla.,Canoga,Calif.,Clemson University '13
Shannon,Rowbury,,F,Track and Field,"1,500m",2008;2012,"5'5""",115,29482,San Francisco,Calif.,San Francisco,Calif.,San Francisco,Calif.,Duke '07
Raven,Saunders,,F,Track and Field ,Shot Put,none,"5'5""",240,33738,Charleston,S.C. ,Charleston,S.C. ,Oxford,Miss.,"University of Mississippi '18, General Studies"
Cale,Simmons,,M,Track and Field,Pole Vault,none,"6'0""",145,31812,Oklahoma City,Okla. ,Rocklin,Calif.,Colorado Springs,Colo.,"Air Force Academy '13, Science"
Jenny,Simpson,,F,Track and Field,"1,500m",2008; 2012,"5'5""",118,30185,Webster City,Iowa,Boulder,Colo.,Boulder,Colo.,Colorado (2009 grad)
Ashley,Spencer,,F,Track and Field,400m Hurdles,none,"5'10""",130,32666,Indianapolis,Ind.,Indianapolis,Ind.,Austin,Texas,Illinois '15
Deajah,Stevens,,F,Track and Field,200m ,none,"5'9""",142,33376,Baltimore,Md.,Bayside,N.Y.,Eugene,Ore.,University of Oregon
Jenn,Suhr,,F,Track and Field,Pole Vault,2008-S; 2012-G,"6'0""",145,28525,Fredonia,N.Y. ,Fredonia,N.Y. ,Churchville,N.Y. ,Roberts Wesleyan '05
Jeremy,Taiwo,,M,Track and Field,Decathlon,none,"6'4""",200,31426,Seattle,Wash.,Renton,Wash.,Renton,Wash.,"University of Washinton '13, Latin American Studies"
Christian,Taylor,,M,Track and Field,Triple Jump,2012-G,"6'2""",180,31580,Uniondale,N.Y. ,Fayetteville,Ga.,Gainesville,Fla.,University of Florida '12
Michael,Tinsley,,M,Track and Field,400m hurdles,2012-S,"6'1""",165,29331,Little Rock,Ark.,Little Rock,Ark.,Round Rock,Texas,Jackson State '05
Shelbi,Vaughan,,F,Track and Field,Discus Throw,none,"6'0""",280,33108,Weatherford,Texas,Weatherford,Texas,Weatherford,Texas,"Texas A&M University '16, Sports Management"
David,Verburg,,M,Track and Field,400m,none,"5'8""",155,31910,Gainesville,Fla.,Lynchburg,Va.,Gainesville,Fla.,"George Mason '13, Sports Management"
Ariana,Washington,,F,Track and Field,4x100m,none,"5'9""",135,33842,Signal Hill,Calif.,Long Beach,Calif.,Signal Hill,Calif.,"University of Oregon '19, Education"
Ameer,Webb,,M,Track and Field,200m,none,"5'11""",180,31854,Harbor City,Calif.,Harbor City,Calif. ,Apple Valley,Calif.,"Texas A&M University, Criminal Justice"
Alexis,Weeks,,F,Track and Field,Pole Vault,none,"5'6""",130,33927,Jacksonville,Ark.,Cabot,Ark. ,Fayetteville,Ark. ,"University of Arkansas , Chemistry"
Chrishuna,Williams,,F,Track and Field,800m,none,"5'3""",120,32597,Bossier City,La.,Dallas,Texas,Fayetteville,Ark. ,"University of Arkansas '15, Human Development and Life Science"
Kendell,Williams,,F,Track and Field,Heptathlon,none,"5'10""",148,33402,Arlington,Va.,Kennesaw,Ga.,Kennesaw,Ga.,"University of Georgia, Public Relations"
Ajeé,Wilson,,F,Track and Field,800m,none,"5'8""",135,33000,Philadelphia,Pa.,Philadelphia,Pa.,Philadelphia,Pa.,"Temple University '16, Kinesiology"
Kara,Winger,,F,Track and Field,Javelin Throw,2008-15th; 2012-22nd,"6'0""",185,30050,Seattle,Wash.,Vancouver,Wash.,Colorado Springs,Colo.,"Purdue University '09, Nutrition, Ftiness and Health; DeVry University, MBA"
Rudy ,Winkler,,M,Track and Field ,Hammer Throw,none,"6'2""",240,33212,Albany,N.Y. ,Ithaca,N.Y. ,Ithaca,N.Y. ,"Cornell University '17, Information Science "
Zach,Ziemek,,M,Track and Field,Decathlon,none,"6'4""",195,32561,Elmhurst,Ill.,Itasca,Ill.,Itasca,Ill.,"University of Wisconsin '16, Nautical Engineering"
Meb,Keflezighi,,M,Track and Field,Marathon,2000; 2004-S; 2012,"5'5""",125,26057,Asmara,Eritrea,San Diego,Calif. ,San Diego,Calif.,UCLA - Communications (1998)
John,Nunn,,M,Track and Field,50K Race Walk,2004; 2012,"6'2""",172,27062,Durango,Colo.,Evansville,Ind. ,Bonsall,Calif.,University of Wisconsin - Parkside (1997)
Miranda,Melville,,F,Track and Field,20K Race Walk,none,"5'2""",110,31125,Rochester,N.Y. ,Rochester,N.Y. ,San Diego,Calif.,"University of Wisconsin - Parkside '11, Psychology/Biology"
Maria,Michta-Coffey,,F,Track and Field,20K Race Walk,2012,"5'5""",110,30124,Stony Brook,N.Y. ,Nesconset,N.Y. ,Farmingville,N.Y. ,"C.W. Post '08, Biology, Mount Sinai School of Medicine '14, PhD Microbiology"
Galen,Rupp,,M,Track and Field,"Marathon, 10,000m ",2008; 2012-S,"5'11""",135,30078,Portland,Ore.,Portland,Ore.,Portland,Ore.,University of Oregon - Business (2009)
Jared,Ward,,M,Track and Field,Marathon,None,"5'10""",145,30933,Layton,Utah,Kaysville,Utah,Provo,Utah,"Brigham Young University '15, Statistical Science"
Amy,Cragg,,F,Track and Field,Marathon,2012,"5'4""",100,29240,Long Beach,Calif.,Leavenworth,Kan.,Portland,Ore.,"Arizona State University '07, Kinesiology"
Shalane,Flanagan,,F,Track and Field,Marathon,2004; 2008-B; 2012,"5'5""",105,28313,Boulder,Colo.,Marblehead,Mass.,Portland,Ore.,University of North Carolina - History (2004)
Desiree,Linden,,F,Track and Field,Marathon,2012,"5'1""",96,29061,San Diego,Calif.,Chula Vista,Calif. ,Washington Township,Mich.,Arizona State University - Psychology (2005)
Greg,Billington,,M,Triathlon,Men's,none,"5'9""",145,31196,Spokane,Wash.,Spokane,Wash.,Poway,Calif.,"Wake Forest University '11, Economics and Exercise Science"
Ben,Kanute,,M,Triathlon,Men's,none,"6'0""",155,32490,Winfield,Ill.,Geneva,Ill.,Geneva,Ill.,"University of Arizona '14, Phsiology"
Joe,Maloy,,M,Triathlon,Men's,none,"5'9""",142,29939,Somers Point,N.J.,Wildwood Crest,N.J.,Poway,Calif.,"Boston College '10, Administrative Studies"
Gwen,Jorgensen,,F,Triathlon,Women's,2012,"5'10""",130,30065,Waukesha,Wis.,St. Paul,Minn.,St. Paul,Minn.,University of Wisconsin - Madison - Accounting (2008)
Sarah,True,Groff (maiden name),F,Triathlon,Women's,2012,"5'8""",138,28455,Hanover,N.H.,Hanover,N.H.,West Lebanon,N.H.,Middlebury College - Conservation Biology/Studio Art (2004)
Katie,Zaferes,Hursey,F,Triathlon,Women's,none,"5'8""",130,31206,Baltimore,Md.,Hampstead,Md.,Hampstead,Md.,"Syracuse University '12, Physical Education"
Matt,Anderson,,M,Indoor Volleyball,Outside Hitter,2012,"6'9""",190,30423,Buffalo,N.Y.,West Seneca,N.Y.,Stuart,Fla.,Penn State - Kinesiology
Micah,Christenson,,M,Indoor Volleyball,Setter,none,"6'6""",190,32635,Honolulu,Hawaii,Honolulu,Hawaii,Redondo Beach,Calif.,USC
Max ,Holt,,M,Indoor Volleyball,Middle Blocker,none,"6'10""",198,30386,Cincinnati,Ohio,Cincinnati,Ohio,Orange County,Calif.,Penn State - Journalism (2009 grad)
Thomas,Jaeschke,,M,Indoor Volleyball,Outside Hitter,none,6-6,200,32754,Wheaton,Ill.,Wheaton,Ill.,Wheaton,Ill.,Loyola University Chicago
David,Lee,,M,Indoor Volleyball,Middle Blocker,2008-G; 2012,"6'8""",231,28556,El Cajon,Calif.,Alpine,Calif.,Alpine,Calif.,Long Beach State - Human Development
Reid,Priddy,,M,Indoor Volleyball,Outside Hitter,2004; 2008-G; 2012,"6'4""",196,26937,Richmond,Va.,Richmond,Va.,Las Vegas,Nev.,Loyola Marymount - Communication Studies (2000 grad)
Aaron,Russell,,M,Indoor Volleyball,Outside Hitter,none,6-9,205,32662,Arbutus ,Md.,Ellicott City,Md.,Ellicott City,Md.,Penn State
Taylor,Sander,,M,Indoor Volleyball,Outside Hitter,none,6-4,190,32218,Fountain Valley,Calif.,Corona,Calif.,Huntington Beach,Calif.,BYU
Kawika,Shoji,,M,Indoor Volleyball,Setter,none,"6'3""",194,30630,Honolulu,Hawaii,Honolulu,Hawaii,Honolulu,Hawaii,Stanford - Political Science (2010 grad)
Erik,Shoji,,M,Indoor Volleyball,Libero,none,"6'0""",160,31282,Honolulu,Hawaii,Honolulu,Hawaii,Honolulu,Hawaii,Stanford
David,Smith,,M,Indoor Volleyball,"Indoor, MB",2012,"6'7""",200,29720,Panorama City,Calif.,Saugus,Calif.,Clovis,Calif.,University of California- Irvine
Murphy,Troy,,M,Indoor Volleyball,Outside Hitter,none,"6'8""",235,31197,St. Louis,Mo.,St. Louis,Mo.,Newport Beach,Calif.,USC - Physics
Rachael,Adams,,F,Indoor Volleyball,Middle Blocker,none,"6'2""",178,31565,Cincinnati,Ohio,Cincinnati,Ohio,Cincinnati,Ohio,University of Texas - Advertising
Foluke,Akinradewo,,F,Indoor Volleyball,Middle Blocker,2012-S,6-3,170,30593,London,Ontario,Ft. Lauderdale,Fla.,Plantation,Fla.,Stanford University
Kayla,Banwarth,,F,Indoor Volleyball,Libero,none,"5'10""",155,31067,Dubuque,Iowa,Dubuque,Iowa,Costa Mesa,Calif.,University of Nebraska - English (2012 grad)
Christa,Dietzen,Harmotto,F,Indoor Volleyball,Middle Blocker,2012-S,"6'2""",174,30235,Sewickley,Pa.,Hopewell,Pa.,Orange  ,Calif.,Penn State - Elementary Education (2009 grad)
Alisha,Glass,,F,Indoor Volleyball,Setter,none,"6'0""",158,30776,Traverse City,Mich.,Leland,Mich.,Lake Leelanau,Mich.,"Penn State - Kinesiology, Human Devlopment and Family Studies minor"
Kim,Hill,,F,Indoor Volleyball,Outside Hitter,none,"6'4""",159,31380,Portland,Ore.,Portland,Ore.,Vancouver,Wash.,Pepperdine University
Jordan,Larson,,F,Indoor Volleyball,Outside Hitter,2012-S,"6'2""",150,30239,Fremont,Neb.,Hooper,Neb.,Hooper,Neb.,"University of Nebraska - Communication, Psychology minor (2008 grad)"
Carli,Lloyd,,F,Indoor Volleyball,Setter,none,"5'11""",165,31264,Fallbrook,Calif.,Bonsall,Calif.,Bonsall,Calif.,University of California-Berkeley - Social Welfare (2011 grad)
Karsta,Lowe,,F,Indoor Volleyball,Opposite,none,"6'4""",180,32540,San Diego ,Calif.,San Diego,Calif.,Rancho Santa Fe,Calif.,UCLA
Kelly,Murphy,,F,Indoor Volleyball,Opposite,none,"6'2""",170,31339,Joliet,Ill.,Wilmington,Ill.,Wilmington,Ill.,Florida - Elementary Education
Kelsey,Robinson,,F,Indoor Volleyball,Outside Hitter,none,"6'2""",155,32318,Elmhurt,Ill.,Bartlett,Ill.,Bartlett,Ill.,University of Nebraska
Courtney,Thompson,,F,Indoor Volleyball,Setter,2012-S,"5'8""",145,29528,Bellevue,Wash.,Kent,Wash.,Kent,Calif.,University of Washington
Phil,Dalhausser,,M,Beach Volleyball,Beach,2008-G; 2012,"6'9""",205,27784,Baden,Switzerland,Ormond Beach,Fla.,Manhattan Beach,Calif.,Univerity of Central Florida - Business Administration
Jake,Gibb,,M,Beach Volleyball,Beach,2008; 2012,"6'7""",210,26334,Bountiful,Utah,Bountiful,Utah,Huntington Beach,Calif.,University of Utah - Business (2002 grad)
Nick,Lucena,,M,Beach Volleyball,Beach,none,"6'1""",185,27658,Davie,Fla.,Cooper City,Fla.,Tallahassee,Fla.,Florida State - Sport Management
Casey,Patterson,,M,Beach Volleyball,Beach,none,6-6,195,27869,Van Nuys,Calif.,Newbury Park,Calif.,Huntington Beach,Calif.,BYU
Lauren,Fendrick,,F,Beach Volleyball,Beach,none,"6'1""",166,28568,San Diego,Calif.,Carlsbad,Calif.,Hermosa Beach,Calif.,"UCLA, USC"
April,Ross,,F,Beach Volleyball,Beach,2012-S,"6'1""",165,28660,Costa Mesa,Calif.,Costa Mesa,Calif.,Costa Mesa,Calif.,USC
Brooke,Sweat,,F,Beach Volleyball,Beach,none,"5'8""",154,30036,Fort Myers,Fla.,Estero,Fla.,Estero,Fla.,Florida Gulf Coast University
Kerri,Walsh Jennings,,F,Beach Volleyball,Beach,2000; 2004-G; 2008-G; 2012-G,"6'3""",160,27255,Santa Clara,Calif.,Saratoga,Calif.,Manhattan Beach,Calif.,Stanford
Tony,Azevedo,,M,Water Polo,Attacker,2000; 2004; 2008-S; 2012,"6'1""",198,28449,Rio de Janeiro,Brazil,Long Beach,Calif.,Long Beach,Calif.,Stanford 2004
McQuin,Baron,,M,Water Polo,Goalkeeper,none,"6'8""",205,33537,Laguna Beach,Calif.,North Tustin,Calif.,North Tustin,Calif.,USC 2018
Bret,Bonanni,,M,Water Polo,Attacker,none,"6'4""",205,32892,Newport Beach,Calif.,Huntington Beach,Calif.,Huntington Beach,Calif.,Stanford 2016
Alex,Bowen,,M,Water Polo,Attacker,none,"6'5""",220,32754,San Diego,Calif.,Santee,Calif.,Santee,Calif.,Stanford 2015
Luca,Cupido,,M,Water Polo,Attacker,none,"6'4""",210,33550,Genova,Italy,Newport Beach,Calif.,Newport Beach,Calif.,UC Berkeley 2018
Thomas,Dunstan,,M,Water Polo,Attacker (L),none,"6'3.5""",200,34240,Norwalk,Conn.,New Canaan,Conn.,Newport Coast,Calif.,Mater Dei HS 2016
Ben,Hallock,,M,Water Polo,Center,none,"6'6""",235,34294,Santa Barbara,Calif.,Westlake Village,Calif.,Studio City,Calif.,Stanford 2020
John,Mann,,M,Water Polo,Center,2012,"6'6""",250,29763,Beverly Hills,Calif.,Newport Beach,Calif.,Pasadena,Calif.,UC Berkeley 2007
Merrill,Moses,,M,Water Polo,Goalkeeper,2008-S; 2012,"6'3""",215,26888,Harbor City,Calif.,Newbury Park,Calif.,Newbury Park,Calif.,Pepperdine 2000 - Public Relations
Alex,Obert,,M,Water Polo,Center,none,"6'5""",233,32128,Yorba Linda,Calif.,Loomis,Calif.,Loomis,Calif.,Pacific 2015
Alex,Roelse,,M,Water Polo,Defender,none,"6'8""",255,33247,Netherlands,Netherlands,Westwoods,Calif.,Los Angeles,Calif.,UCLA 2018
Josh,Samuels,,M,Water Polo,Attacker,none,"6'4""",210,31965,Newport Beach,Calif.,Villa Park,Calif.,Villa Park,Calif.,UCLA 2013
Jesse,Smith,,M,Water Polo,Defender,"2004: 2008-S, 2012","6'4""",233,28971,Coronado,Calif.,Coronado,Calif.,Coronado,Calif.,Pepperdine 2005
KK,Clark,,F,Water Polo,Defender,none,"6'2""",160,31590,Palo Alto,Calif. ,Atherton,Calif.,Hermosa Beach,Calif.,UCLA 2012
Kami,Craig,,F,Water Polo,Center,2008-S; 2012-G,"5'11""",195,30517,San Luis Obispo,Calif.,Santa Barbara,Calif.,Santa Ynez,Calif.,USC 2011
Rachel,Fattal,,F,Water Polo,Attacker,none,"5'8""",145,32851,Los Alamitos,Calif.,Seal Beach,Calif.,Seal Beach,Calif.,UCLA 2016
Aria,Fischer,,F,Water Polo,Attacker,none,"6'0""",173,34759,Laguna Beach,Calif.,Laguna Beach,Calif.,Laguna Beach,Calif.,Laguna Beach HS 2017
Makenzie,Fischer,,F,Water Polo,Defender,none,"6'1""",165,34056,Laguna Beach,Calif.,Laguna Beach,Calif.,Laguna Beach,Calif.,Stanford 2020
Kaleigh,Gilchrist,,F,Water Polo,Attacker,none,"5'9""",170,32278,Newport Beach,Calif. ,Newport Beach,Calif. ,Newport Beach,Calif.,USC 2014
Sami,Hill,,F,Water Polo,Goalkeeper,none,"6'0""",197,32301,Honolulu,Hawaii,Santa Barbara,Calif. ,Santa Barbara,Calif.,UCLA 2015
Ashleigh,Johnson,,F,Water Polo,Goalkeeper,none,"6'1""",180,33127,Miami,Fla.,Miami,Fla.,Long Beach,Calif.,Princeton 2017
Courtney,Mathewson,,F,Water Polo,Attacker,2012-G,"5'7""",154,30207,Orange,Calif.,Anaheim,Calif.,Anaheim Hills,Calif.,UCLA 2008 - Sociology
Maddie,Musselman,,F,Water Polo,Attacker,none,"5'11""",145,34500,Newport Beach,Calif.,Newport Beach,Calif.,Newport Beach,Calif.,UCLA 2020
Kiley,Neushul,,F,Water Polo,Attacker,none,"5'8""",145,32571,Goleta,Calif. ,Isla Vista,Calif. ,Goleta,Calif.,Stanford 2015
Melissa,Seidemann,,F,Water Polo,Defender,2012-G,"6'0""",230,31588,Hoffman Estates,Ill.,Walnut Creek,Calif.,Walnut Creek,Calif.,Stanford 2012
Maggie,Steffens,,F,Water Polo,Defender,2012-G,"5'8""",165,32662,San Ramon,Calif. ,Danville,Calif. ,Danville,Calif.,Stanford 2016
Jenny,Arthur,,F,Weightlifting,69 kg.,None,"5'5""",165,32852,Gainesville,Ga.,Gainesville,Ga.,Colorado Springs,Colo. ,Chestatee High School (2012)
Kendrick ,Farris,,M,Weightlifting,94 kg.,"2008, 2012","5'6""",207,30133,Stoner Hill,La.,Shreveport,La.,Shreveport,La.,C.E. Byrd High School
Morghan ,King,,F,Weightlifting,48 kg.,none,"5'0""",110,29866,Seattle,Wash.,Redmond,Wash. ,Colorado Springs,Colo.,"Notre Dame de Namur University '04, Graphic Design"
Sarah,Robles,,F,Weightlifting, +75 kg.,2012,"5'10""",310,30894,San Diego ,Calif.,Desert Hot Springs,Calif.,,,Mt. San Jacinto College/DeVry University
Andy,Bisek,,M,Wrestling,Greco-Roman 75 kg.,none,"5'10""",180,30180,Waconia,Minn. ,Chaska,Minn.,Colorado Springs,Colo.,Northern Michigan
Jordan,Burroughs,,M,Wrestling,Freestyle 74 kg.,2012-G,"5'7""",175,30870,Camden,N.J. ,Sicklerville,N.J. ,Lincoln,Neb.,Nebraska
J'den,Cox,,M,Wrestling,Freestyle 86 kg.,none,"5'11""",189,33299,Columbia,Mo.,Columbia,Mo. ,Columbia,Mo.,University of Missouri (2017)
Daniel,Dennis,,M,Wrestling,Freestyle 57 kg.,none,"5'5""",125,30217,Houston,Texas,Ingleside,Ill.,Iowa City,Iowa,Iowa
Tervel,Dlagnev,,M,Wrestling,Freestyle 125 kg.,2012,"6'2""",270,29908,Sofia,Bulgaria,Columbus,Ohio,Columbus,Ohio,Nebraska-Kearney
Frank,Molinaro,,M,Wrestling,Freestyle 65 kg.,none,"5'4""",155,31042,Red Bank,N.J. ,Barnegat,N.J. ,State College,Pa.,Penn State University '12
Ben,Provisor,,M,Wrestling,Greco-Roman 85 kg.,2012,"5'8""",195,31588,Stevens Point,Wis.,Colorado Springs,Colo. ,Stevens Point,Wis. ,Northern Michigan
Robby,Smith,,M,Wrestling,Greco-Roman 130 kg.,none,"6'0""",280,30345,Colorado Springs,Colo. ,San Ramon,Calif. ,Colorado Springs,Colo.,Northern Michigan
Kyle,Snyder,,M,Wrestling,Freestyle 97 kg.,none,"5'11""",225,33561,Woodbine,Md.,Woodbine,Md. ,Woodbine,Md.,Ohio State
Jesse,Thielke,,M,Wrestling,Greco-Roman 59 kg.,none,"5'7""",150,32302,West Bend,Wis.,Germantown,Wis.,Colorado Springs,Colo.,Wisconsin
Haley,Augello,,F,Wrestling,Freestyle 48 kg.,none,"5'2""",118,33162,Lockport,Ill.,Lockport,Ill.,Colorado Springs,Colo. ,King University
Adeline,Gray,,F,Wrestling,Freestyle 75 kg.,none,"5'8""",170,31791,Denver,Colo.,Denver,Colo. ,Colorado Springs,Colo.,"University of Colorado, Colorado Springs"
Helen,Maroulis,,F,Wrestling,Freestyle 53 kg.,none,"5'4""",125,32038,Olney,Md.,Rocky Point,Md.,Rockville,Md. ,"Simon Fraser, Missouri Baptist"
Elena,Pirozhkova,,F,Wrestling,Freestyle 63 kg.,2012,"5'6""",158,30236,Novokuznetsk,Russia,Greenfield,Mass.,Colorado Springs,Colo.,UCCS